frame,track_id,x1,y1,x2,y2,conf
0,1,1423.9808,741.0143,1494.837,911.8927,0.8263511657714844
0,2,1359.6697,436.5899,1437.8202,525.8613,0.7145754098892212
0,3,1298.4277,263.8617,1335.6736,315.23605,0.5605192184448242
1,1,1430.0542,683.8984,1495.0469,840.2289,0.7765336036682129
2,-1,1369.0708,663.13983,1455.1069,803.7272,0.7054754495620728
2,-1,1177.3416,494.42633,1236.4061,563.3627,0.5709531307220459
2,-1,1261.3356,473.1938,1325.7046,574.85925,0.46994748711586
2,-1,914.911,378.8563,999.7991,467.18692,0.3839031457901001
2,-1,1262.7284,298.069,1316.2888,344.84412,0.21119406819343567
3,-1,927.49585,363.67273,1014.0242,466.9974,0.3548364043235779
3,-1,167.11978,249.92615,215.65065,346.39545,0.3338245749473572
3,-1,1230.7925,325.08606,1310.4197,491.67416,0.22209610044956207
3,-1,1294.9198,782.1777,1359.3857,850.6551,0.14597289264202118
4,-1,944.36444,362.57693,1026.527,437.4625,0.5605660676956177
4,-1,464.0852,268.51144,524.58435,369.87552,0.5349777936935425
4,-1,977.5463,588.8597,1077.9584,702.6039,0.2624954283237457
4,-1,471.59885,329.89005,540.4897,433.17883,0.26024413108825684
5,-1,1555.626,709.1173,1640.888,840.34204,0.927844226360321
5,-1,599.63794,752.2281,659.7191,886.7128,0.9259257912635803
5,-1,1215.6359,455.11258,1279.7448,549.9233,0.9126045107841492
5,-1,877.8241,575.24475,934.3235,671.07025,0.8988494873046875
5,-1,815.664,554.08734,863.64386,645.84845,0.8970860838890076
5,-1,1650.2886,440.82938,1712.7502,520.6704,0.8965873718261719
5,-1,1467.506,417.7175,1515.7994,502.52243,0.8898846507072449
5,-1,825.6484,611.8418,900.505,714.89795,0.8886969685554504
5,-1,1730.4152,588.7321,1766.9242,693.5267,0.8747305274009705
5,-1,1551.1062,482.46985,1607.1636,578.2604,0.8710687160491943
5,-1,1568.5576,556.53625,1625.7125,659.901,0.864550769329071
5,-1,1386.6206,376.73413,1429.4011,449.94208,0.7642205953598022
5,-1,1456.0605,397.73798,1491.2384,460.13766,0.22531172633171082
6,15,1560.362,711.1564,1640.7896,834.59644,0.9321435689926147
6,16,605.51917,751.8087,663.4562,881.3036,0.9215947389602661
6,17,1217.7214,458.18524,1280.257,550.87836,0.9058719277381897
6,18,886.0653,575.06744,942.79,671.11633,0.9196916818618774
6,19,812.0128,556.49854,864.38214,656.53394,0.9221330881118774
6,20,1649.105,443.49545,1708.2795,519.01953,0.8919771313667297
6,21,1472.8885,418.97156,1521.3544,503.91885,0.8801533579826355
6,22,828.9785,616.00104,903.29376,718.4247,0.9251099824905396
6,23,1739.3131,589.3956,1776.0825,694.6485,0.9020268321037292
6,24,1555.9963,484.1408,1610.033,576.27203,0.8687621355056763
6,25,1573.0818,552.2028,1633.1483,660.65576,0.8801645636558533
6,26,1387.7601,382.6388,1429.388,454.0317,0.7827414274215698
7,15,1558.1195,713.2666,1636.3508,832.6823,0.8886672854423523
7,16,612.43427,751.2346,668.585,876.13806,0.9171860814094543
7,17,1225.0895,461.4858,1286.4706,552.9598,0.8957817554473877
7,18,893.26715,575.5794,949.08606,669.7979,0.906058132648468
7,19,811.10614,559.83923,864.69324,661.62823,0.9265093207359314
7,20,1650.3661,446.026,1711.3376,523.8255,0.908626139163971
7,21,1478.0833,423.12564,1526.0105,506.7745,0.8739985823631287
7,22,827.6184,615.9654,905.01526,723.2644,0.9041571021080017
7,23,1748.0753,590.455,1785.1414,695.59766,0.9060086607933044
7,24,1546.6514,486.56503,1601.6736,580.62305,0.8709351420402527
7,25,1579.6749,554.8166,1637.9502,659.3138,0.8768052458763123
7,26,1394.4875,385.6203,1434.2826,454.25507,0.8365147113800049
8,15,1541.52,717.29315,1620.4938,838.122,0.9152619242668152
8,16,616.5729,751.9291,672.7152,876.37756,0.9185624718666077
8,17,1236.2139,463.75922,1298.7155,557.4473,0.9052071571350098
8,18,898.32697,577.75745,951.4106,667.2898,0.9066057205200195
8,19,814.6057,564.72296,868.1667,665.6769,0.914771556854248
8,20,1650.7256,449.5345,1713.4755,530.5201,0.8822418451309204
8,21,1482.5018,427.7212,1531.0394,512.62476,0.865431547164917
8,22,827.14264,616.2656,905.092,725.37897,0.8900557160377502
8,23,1758.2979,591.52313,1795.9142,696.29486,0.9243481159210205
8,24,1553.6012,489.9529,1610.3303,586.4319,0.8421837091445923
8,25,1584.293,565.8536,1638.2117,660.8036,0.8929407000541687
8,26,1402.91,390.42218,1442.3378,458.76535,0.8578837513923645
8,30,3.8162024,504.07312,35.305492,610.0038,0.6734381318092346
8,32,3.9916995,504.2993,35.287563,610.1317,0.6760825514793396
9,15,1544.8138,720.9093,1626.1947,844.04254,0.9214648604393005
9,16,615.1545,752.12305,672.2452,879.1348,0.9030452966690063
9,17,1246.3818,465.0127,1309.3036,559.6688,0.8958067893981934
9,18,901.032,577.80774,953.4863,665.901,0.8879804015159607
9,19,819.6924,569.8314,873.2547,670.28033,0.9069094061851501
9,20,1651.0636,452.13998,1713.682,534.3475,0.8992466330528259
9,21,1489.3708,431.37726,1537.0541,515.6954,0.8660469055175781
9,22,829.7349,614.3552,909.52985,727.497,0.8779078722000122
9,23,1768.5037,593.5638,1807.652,699.55396,0.8853729963302612
9,24,1555.3345,495.85397,1609.5945,589.112,0.8593042492866516
9,25,1583.1516,567.27,1638.1443,663.6915,0.8872867822647095
9,26,1410.9124,394.03516,1449.5282,461.50598,0.8367040157318115
9,30,15.397515,505.02756,47.24171,611.5311,0.5339899659156799
9,32,15.084792,505.0284,46.90625,612.08405,0.6332883238792419
10,15,1541.6636,722.4671,1624.7588,847.39307,0.9116484522819519
10,16,616.9606,752.6032,674.1744,881.40295,0.8944728374481201
10,17,1255.3203,466.30994,1317.6473,560.0882,0.9193330407142639
10,18,910.662,578.3459,963.8564,668.8689,0.8631173372268677
10,19,827.12006,572.0272,878.2122,667.9687,0.900469958782196
10,20,1654.0881,453.25488,1717.0841,536.8087,0.9118942022323608
10,21,1494.0615,433.29623,1541.842,518.4661,0.8985379338264465
10,22,836.13257,614.02094,916.41205,729.325,0.8819858431816101
10,23,1775.5994,593.9489,1817.2926,703.64435,0.9000872373580933
10,24,1555.5143,498.83768,1607.7313,590.3401,0.8630399703979492
10,25,1588.1307,569.9771,1644.7557,668.81714,0.8763934969902039
10,26,1419.418,393.95,1458.1376,462.23785,0.8442391157150269
10,30,29.27502,507.5288,60.95759,612.812,0.806165337562561
11,15,1538.2008,721.1964,1622.8132,848.02704,0.9157810211181641
11,16,621.2974,750.3761,677.93036,879.53485,0.8994532823562622
11,17,1262.6012,466.938,1325.3328,560.7548,0.9257209897041321
11,18,920.23376,575.746,975.17426,671.3954,0.8244455456733704
11,19,832.105,571.7408,881.42365,664.7387,0.9024190902709961
11,20,1656.6768,453.60944,1718.1722,534.93604,0.9149952530860901
11,21,1498.9525,434.12778,1547.0333,519.8838,0.92680823802948
11,22,843.79395,611.40894,921.975,724.70667,0.8939252495765686
11,23,1784.8745,596.3367,1826.9346,704.9526,0.9046724438667297
11,24,1556.2798,498.06073,1603.0594,581.0904,0.8947882652282715
11,25,1590.5695,568.7652,1648.7755,670.6995,0.8854151368141174
11,26,1427.6368,394.49335,1466.1643,462.98346,0.8128736615180969
11,30,45.161808,507.67825,77.085655,613.0414,0.8681764006614685
12,15,1539.7009,718.9918,1625.3204,845.9327,0.9292100071907043
12,16,628.3935,746.9193,685.9564,878.85016,0.9163649082183838
12,17,1270.2113,468.8324,1332.7086,561.52374,0.9101172685623169
12,18,930.0197,572.80524,985.93964,671.5108,0.8965305089950562
12,19,831.5999,570.47394,881.12933,663.4024,0.9081700444221497
12,20,1655.6564,453.74402,1717.2094,534.21027,0.899154007434845
12,21,1503.476,432.4609,1552.2242,519.47516,0.9051018357276917
12,22,850.84924,610.1539,926.519,719.8885,0.9086828231811523
12,23,1791.1897,597.84924,1833.3009,705.98474,0.8921338319778442
12,24,1557.9225,497.09543,1607.3375,584.6145,0.8898546099662781
12,25,1590.6705,568.421,1649.1113,672.23267,0.8818622827529907
12,26,1432.8292,387.8278,1474.46,463.15375,0.8551615476608276
12,30,59.710125,508.21985,92.003716,614.0709,0.779941737651825
13,15,1542.8254,716.841,1629.5581,843.37317,0.9302376508712769
13,16,635.80554,744.6199,690.6894,869.56537,0.9195693731307983
13,17,1274.2048,470.9156,1337.3757,563.7722,0.8945668339729309
13,18,936.9145,570.479,989.8914,664.7408,0.8820716142654419
13,19,834.61957,569.86615,885.2053,662.4053,0.8876501321792603
13,20,1653.8254,453.8346,1716.6245,535.72266,0.9057158827781677
13,21,1505.4574,432.4701,1553.9469,518.6222,0.9119759202003479
13,22,854.3877,607.3632,930.4504,718.37634,0.8922494649887085
13,23,1798.1981,598.3119,1840.653,706.9776,0.8206602931022644
13,24,1559.3154,495.50885,1612.1561,587.1172,0.8940699100494385
13,25,1594.5878,565.8735,1654.6943,673.48663,0.8797518610954285
13,26,1440.2483,392.53766,1478.5386,462.98938,0.8408666253089905
13,30,74.30157,508.69635,106.78743,614.3245,0.8216114044189453
14,15,1545.4015,716.1559,1631.0167,838.6357,0.9295166730880737
14,16,639.19354,742.051,693.36584,864.72046,0.9083865284919739
14,17,1275.261,472.75717,1338.7792,565.22046,0.8941329717636108
14,18,942.36487,567.40735,994.42303,661.77545,0.8955051898956299
14,19,835.9865,569.12634,888.74316,664.4867,0.8881990909576416
14,20,1652.0759,454.45602,1713.5098,537.3286,0.8618970513343811
14,21,1506.4249,433.57843,1554.7874,519.3867,0.9148639440536499
14,22,852.79626,605.8386,929.2815,719.4812,0.8996827602386475
14,23,1807.0552,597.02515,1850.1624,706.46204,0.883345901966095
14,24,1558.0336,494.6504,1612.7688,586.49097,0.8976555466651917
14,25,1597.9784,559.1155,1662.2969,674.31537,0.9050799012184143
14,26,1448.0728,394.86002,1483.847,461.94098,0.8466376066207886
14,30,88.69815,509.5721,121.36754,614.6965,0.8479801416397095
14,43,1804.173,596.3827,1849.8636,705.6791,0.8207528591156006
15,15,1544.0049,715.7749,1630.811,837.8904,0.9345434904098511
15,16,638.4877,740.0818,693.4692,865.0199,0.9060648083686829
15,17,1275.8147,473.44763,1339.1484,565.10144,0.912093997001648
15,18,950.8485,565.52246,1002.3563,660.35333,0.8855145573616028
15,19,839.31586,569.1392,892.6577,665.06714,0.8985527157783508
15,20,1652.4893,454.67972,1712.1796,537.5522,0.9040573239326477
15,21,1509.3103,434.8914,1557.8784,521.84467,0.8949674963951111
15,22,854.12994,608.68353,927.08527,719.54224,0.8820016384124756
15,23,1814.809,596.06604,1858.3126,705.3138,0.8472065329551697
15,24,1561.0715,494.90875,1616.2814,585.5869,0.8895848393440247
15,25,1603.5167,559.9993,1665.6461,669.23883,0.9142580032348633
15,26,1456.8816,394.86047,1492.3889,461.8441,0.7985932230949402
15,30,103.52868,509.91815,136.30249,614.143,0.8617101907730103
15,43,1810.835,594.62354,1856.9182,704.7272,0.8491452932357788
16,15,1540.006,716.4706,1626.7848,837.5178,0.9337528944015503
16,16,639.94745,737.9122,694.9198,864.0729,0.9053403735160828
16,17,1277.7994,473.78717,1340.3795,564.9302,0.9028856158256531
16,18,958.90546,563.9352,1010.97327,660.7994,0.8851001858711243
16,19,841.2599,568.8865,895.6114,665.6362,0.8978227972984314
16,20,1654.5889,453.6633,1715.0992,538.3036,0.9025893807411194
16,21,1515.4102,437.2597,1562.7677,523.8841,0.8934486508369446
16,22,857.49884,613.2173,925.197,719.3633,0.8650022149085999
16,23,1820.3721,594.1572,1864.9424,703.1935,0.8632652163505554
16,24,1560.7144,494.82306,1617.8228,589.24677,0.8614658117294312
16,25,1607.1511,560.9518,1668.2396,665.3308,0.9125322699546814
16,26,1462.1168,394.69293,1497.4156,463.00977,0.8302368521690369
16,30,118.991745,509.85114,152.28262,614.14075,0.8527302145957947
16,43,1818.0486,593.4915,1864.0558,702.4946,0.8767308592796326
17,15,1534.6254,716.08777,1623.0156,839.8516,0.9387237429618835
17,16,643.9161,734.74854,699.198,862.2178,0.9140650629997253
17,17,1283.3901,472.78076,1338.4211,552.42395,0.7803240418434143
17,18,969.0278,562.15564,1021.12256,658.85864,0.8750505447387695
17,19,848.98016,566.9067,895.4469,647.4679,0.9048371911048889
17,20,1656.4241,453.17593,1715.4039,535.1384,0.9141627550125122
17,21,1517.116,437.5301,1565.0803,526.1236,0.9018833041191101
17,22,861.8658,613.91724,927.89874,720.0428,0.888317346572876
17,23,1827.41,593.5165,1872.8448,701.4426,0.799033522605896
17,24,1559.0637,494.5551,1614.4681,588.9309,0.8649857640266418
17,25,1604.7443,560.8568,1665.3071,664.74023,0.9053111672401428
17,26,1468.7634,394.2012,1503.5402,463.02896,0.7797151803970337
17,30,133.73245,509.89468,167.32727,613.7324,0.8084606528282166
17,43,1825.9264,593.1787,1871.5757,700.0103,0.8816221356391907
18,15,1531.1423,714.09607,1620.0814,840.57404,0.9315920472145081
18,16,649.2037,730.7413,705.5066,860.57806,0.9164718389511108
18,17,1292.0767,472.51358,1353.2981,560.2747,0.9044832587242126
18,18,976.28455,559.64795,1028.0002,655.3215,0.900007963180542
18,19,854.4097,564.64856,899.83594,642.36945,0.9117742776870728
18,20,1654.4343,453.0829,1712.679,532.4357,0.9001123905181885
18,21,1518.2219,438.18954,1566.1224,525.08606,0.9001080989837646
18,22,866.182,611.42584,931.98444,718.9074,0.898621678352356
18,23,1835.7167,593.6377,1881.4861,700.6091,0.34883788228034973
18,24,1560.0488,492.55194,1615.2721,589.009,0.8820081353187561
18,25,1605.1658,562.3083,1664.7073,666.38403,0.8765053153038025
18,26,1476.6891,393.69998,1511.2396,462.7354,0.7164454460144043
18,30,149.22217,509.76627,183.117,613.2444,0.8210201859474182
18,43,1834.7721,593.6706,1880.3383,699.3812,0.8514295816421509
19,15,1534.271,710.7686,1624.8389,840.7709,0.9379029870033264
19,16,655.732,728.3751,710.6196,853.0922,0.9253469705581665
19,17,1299.881,471.5208,1363.985,562.0387,0.9167842268943787
19,18,982.41516,558.3515,1032.3027,650.6672,0.9024989604949951
19,19,858.13696,562.7878,905.75665,644.1201,0.9093117117881775
19,20,1651.6722,452.26498,1711.3176,533.9461,0.8991408348083496
19,21,1520.1027,438.13684,1569.2212,525.1265,0.9022356271743774
19,22,872.45825,610.5583,936.0651,713.9671,0.9044937491416931
19,23,1844.1068,593.7492,1889.6613,700.9078,0.8727700710296631
19,24,1561.2709,489.55005,1614.8163,583.32025,0.8986572623252869
19,25,1606.1198,563.9986,1663.4298,668.05817,0.8429867029190063
19,26,1481.4609,393.54584,1514.8126,461.01138,0.8269798159599304
19,30,164.87495,509.60333,199.06906,612.9808,0.8476192355155945
19,43,1843.2836,594.3295,1888.7776,700.1919,0.8096357583999634
20,15,1540.3756,708.44226,1630.1665,837.0305,0.9300708174705505
20,16,660.41864,723.96844,715.13696,845.86145,0.9202539324760437
20,17,1306.6271,471.7036,1371.9921,561.95325,0.9193280339241028
20,18,988.1046,557.37384,1039.2539,651.8073,0.9080044031143188
20,19,860.3065,560.7996,910.6503,646.255,0.901353120803833
20,20,1650.5856,452.54343,1708.1608,535.04803,0.8629839420318604
20,21,1520.4084,438.99197,1570.3547,525.9468,0.9090508222579956
20,22,873.7772,609.93823,938.15814,712.47784,0.9204028844833374
20,23,1849.0146,594.1584,1894.4644,702.41547,0.8014625310897827
20,24,1562.7582,488.99323,1615.3398,579.1984,0.9053728580474854
20,25,1611.2692,563.1578,1665.4183,663.1039,0.8075894713401794
20,26,1486.9005,392.5009,1520.5101,461.9557,0.8459214568138123
20,30,179.26784,509.42484,213.87518,613.2387,0.4777105152606964
20,43,1848.2427,594.85205,1893.7272,701.57153,0.8446147441864014
21,15,1545.7291,706.49884,1633.3773,830.4971,0.9259960055351257
21,16,660.7253,721.7191,716.6599,843.85583,0.9184799790382385
21,17,1310.4504,473.25366,1377.668,564.7432,0.9249107241630554
21,18,989.7877,556.5608,1040.9495,650.8008,0.8862653374671936
21,19,861.05115,559.7761,914.92645,650.66266,0.8938127756118774
21,20,1651.7301,453.4068,1706.453,534.85205,0.8720629215240479
21,21,1528.7334,441.3245,1576.7411,525.54834,0.9072558283805847
21,22,875.2647,613.16327,938.5765,711.1924,0.9327740669250488
21,23,1856.2156,593.04596,1901.322,701.46716,0.6920840740203857
21,24,1558.2312,489.75488,1612.5469,580.7297,0.8930174708366394
21,25,1614.934,560.845,1672.3224,667.75745,0.8904110789299011
21,26,1493.9021,394.65015,1525.3947,460.89484,0.8529485464096069
21,30,194.01447,509.26562,228.58257,612.47064,0.8057847023010254
21,43,1855.2542,593.3182,1900.7466,700.64105,0.8577527403831482
22,15,1535.454,705.45184,1618.8759,825.1969,0.9134413599967957
22,16,658.6946,719.77966,716.0873,843.8262,0.9230058193206787
22,17,1312.9042,475.0438,1379.3641,565.157,0.9139060378074646
22,18,992.7793,554.83,1045.1178,648.94794,0.9101648330688477
22,19,865.004,558.80804,921.31696,654.0156,0.8618672490119934
22,20,1651.9602,452.15375,1708.1558,536.2544,0.910869300365448
22,21,1537.2902,444.1567,1582.7642,525.9473,0.8757508397102356
22,22,875.4789,611.96686,940.55206,711.91565,0.9219467043876648
22,24,1554.6869,492.21326,1610.3846,582.9656,0.8896273970603943
22,25,1619.048,560.3057,1678.2672,669.73846,0.9043206572532654
22,26,1499.0026,395.10977,1529.9176,461.21182,0.8235076665878296
22,30,207.30064,509.42084,242.16214,612.4968,0.7946184873580933
23,15,1537.5099,705.49475,1621.3961,824.556,0.9215896725654602
23,16,659.6525,717.3171,717.4532,841.7963,0.9266899824142456
23,17,1315.0128,476.00604,1380.6077,565.00775,0.9095995426177979
23,18,995.15265,552.7541,1049.8651,647.4941,0.9165773987770081
23,19,874.69574,558.0165,927.0672,646.97473,0.8944255709648132
23,20,1651.059,452.20987,1706.2484,532.81415,0.9106147885322571
23,21,1543.5345,445.80347,1585.0667,521.0945,0.8965103626251221
23,22,874.76337,612.42194,939.0996,711.90924,0.8771430253982544
23,24,1554.986,493.75812,1613.0109,586.0954,0.8846855759620667
23,25,1622.7904,559.0467,1682.7083,666.75024,0.9221664667129517
23,26,1504.9288,394.3284,1536.2976,462.05957,0.8050596714019775
23,30,219.98741,509.7697,254.9982,611.9666,0.7971550226211548
23,50,1517.5468,513.6456,1532.3455,529.30774,0.5905474424362183
23,23,1869.1646,589.8262,1913.9393,694.64746,0.8448038101196289
24,15,1535.628,706.9222,1621.2249,827.81305,0.9187660813331604
24,16,662.5567,713.51685,720.6789,839.393,0.9101915955543518
24,17,1313.1843,476.13205,1375.0599,562.5497,0.8544983863830566
24,18,997.3186,550.6542,1053.5656,643.9091,0.9150252938270569
24,19,882.4898,556.382,933.1191,643.25525,0.8787727355957031
24,20,1647.3252,451.36456,1703.7886,531.58215,0.910674512386322
24,21,1545.3368,445.66925,1588.7101,524.5883,0.8788202404975891
24,22,873.5556,613.0221,935.02844,711.5859,0.818007230758667
24,24,1555.7599,495.04376,1613.7354,587.52997,0.8928056359291077
24,25,1623.1624,557.77216,1684.4237,662.8779,0.9249431490898132
24,26,1509.6979,394.83627,1540.5321,461.95123,0.7697603106498718
24,30,230.77187,510.0139,266.23492,612.2635,0.7444207072257996
24,50,1518.9617,514.79224,1532.7733,529.3941,0.7167320847511292
24,51,225.37009,509.16818,264.30197,613.034,0.6870905756950378
24,23,1872.3395,588.18475,1917.7858,692.609,0.8702942728996277
25,15,1523.2108,706.7649,1607.415,828.71326,0.8989794254302979
25,16,668.99274,710.42145,726.75995,836.41034,0.9167845249176025
25,17,1315.6554,476.7271,1376.9513,563.9966,0.8752898573875427
25,18,998.297,548.6204,1055.1035,639.30365,0.9226415157318115
25,19,889.3713,553.4072,940.1613,641.6803,0.8533145189285278
25,20,1642.8181,451.19418,1700.1552,532.4476,0.8849913477897644
25,21,1545.3917,444.91534,1590.3282,526.9829,0.8872045874595642
25,22,872.5564,607.5943,934.7216,710.72095,0.8865844011306763
25,24,1558.0756,494.26666,1606.4696,573.27765,0.6336485147476196
25,25,1620.7009,558.392,1682.4736,660.748,0.9098860621452332
25,26,1512.3939,394.41132,1543.0142,462.6116,0.8185117840766907
25,30,241.53613,509.92456,277.42456,612.343,0.8256291747093201
25,50,1519.8582,516.0105,1533.001,529.8672,0.6911779046058655
25,23,1875.5502,588.4433,1920.0,693.55835,0.8158556222915649
26,15,1520.8558,705.64874,1605.0258,829.3637,0.9225965142250061
26,16,675.3045,707.2325,731.0391,828.4607,0.9092013239860535
26,17,1321.2156,476.13446,1382.7783,564.9267,0.9059478640556335
26,18,996.467,547.3771,1054.1909,638.7811,0.9040970802307129
26,19,897.42676,550.2888,946.27045,635.80597,0.8801068067550659
26,20,1639.4332,451.48273,1695.7896,533.8692,0.8866859674453735
26,21,1544.491,445.098,1588.0612,523.70435,0.8949216604232788
26,22,873.1539,598.87427,937.63916,709.06665,0.8954523205757141
26,24,1551.2015,493.00397,1605.1676,583.6482,0.8844983577728271
26,25,1619.1975,558.96326,1682.6578,662.31006,0.8972637057304382
26,26,1513.918,392.26263,1545.9683,464.52783,0.6675707697868347
26,30,251.69656,510.13892,288.24222,613.2604,0.6983924508094788
26,50,1520.0432,516.8455,1533.2134,530.7012,0.6874337196350098
26,23,1880.0315,588.8284,1920.0,693.83563,0.8147612810134888
26,53,1877.2197,588.1609,1920.0,695.8761,0.7608135938644409
27,15,1517.1808,703.34595,1601.133,829.11115,0.9298979043960571
27,16,676.88354,705.15326,731.7316,824.17255,0.9132472276687622
27,17,1325.6921,474.53757,1388.1118,564.8027,0.9064953923225403
27,18,997.7158,546.4219,1056.324,638.33307,0.8948850631713867
27,19,903.1502,547.346,952.7526,634.9264,0.8805940747261047
27,20,1634.4487,451.91086,1689.0366,534.1443,0.9075584411621094
27,21,1544.2207,445.64197,1585.7667,520.1029,0.8855013847351074
27,22,875.9727,596.43787,939.4025,706.5157,0.9223940968513489
27,24,1548.3574,492.8239,1603.4572,585.7776,0.8798731565475464
27,25,1615.0566,559.80536,1678.7466,663.2635,0.8852299451828003
27,26,1514.92,392.82846,1546.3627,464.49216,0.7085025310516357
27,30,262.30832,510.34152,299.0737,613.1477,0.7711679935455322
27,50,1519.9558,517.305,1533.9329,531.9835,0.7058806419372559
27,23,1882.7043,588.37415,1920.0,693.6775,0.7413666248321533
27,53,1879.103,587.96814,1920.0,695.8487,0.8036742806434631
28,15,1516.2234,701.16345,1600.2875,828.51416,0.9432374835014343
28,16,676.5242,703.8202,731.30334,823.78357,0.9070160984992981
28,17,1328.465,473.76727,1390.22,561.79144,0.9105852246284485
28,18,998.6773,543.1421,1058.6771,637.2557,0.8990305662155151
28,19,908.33234,545.0101,959.4627,635.64465,0.8932997584342957
28,20,1631.0896,451.80252,1685.9164,534.6022,0.9091916084289551
28,21,1547.2316,447.0589,1584.1581,512.9583,0.882272481918335
28,22,877.857,592.44855,940.8415,702.10706,0.9051695466041565
28,24,1544.7461,492.88,1599.6031,582.9853,0.8889726400375366
28,25,1606.5731,560.57544,1669.3226,663.94507,0.8872280120849609
28,26,1517.3173,392.40268,1547.4243,462.2585,0.800688624382019
28,30,272.79535,510.6987,309.9333,613.4128,0.3918772041797638
28,50,1519.731,518.0227,1533.0394,531.9893,0.651555061340332
28,23,1886.1193,587.47675,1920.0,693.39325,0.8116371035575867
28,53,1882.2878,587.2596,1920.0,695.6314,0.7718650102615356
29,15,1518.0251,699.262,1598.9974,822.74225,0.9404717087745667
29,16,676.4099,701.5784,731.17084,823.30835,0.9072495698928833
29,17,1329.4781,473.68008,1391.928,560.67413,0.9203305840492249
29,18,1000.93866,540.19354,1061.8558,635.219,0.916693389415741
29,19,913.5267,543.5699,964.90894,634.01556,0.9019432663917542
29,20,1626.8585,451.06973,1680.3793,530.0213,0.9044913053512573
29,21,1545.1073,447.90833,1581.6101,512.48785,0.8732366561889648
29,22,875.1381,591.6269,938.4366,700.1219,0.9050390720367432
29,24,1542.6818,492.7263,1598.7036,582.1992,0.87834632396698
29,25,1603.6143,559.35315,1666.2081,664.62524,0.9128004908561707
29,26,1520.7837,393.12408,1549.078,459.89297,0.48530322313308716
29,30,283.3428,510.27054,320.88858,613.4692,0.7641285061836243
29,50,1519.587,518.3395,1532.3129,531.68567,0.3500629663467407
29,23,1889.496,586.1272,1920.0,688.36523,0.7898133993148804
29,53,1886.0938,585.89197,1920.0,689.03357,0.7219894528388977
29,55,279.38165,510.27255,318.95834,613.0315,0.7651037573814392
30,15,1513.4656,699.01624,1593.412,819.99133,0.9280439615249634
30,16,676.6758,698.16406,731.6728,822.2572,0.9134571552276611
30,17,1329.7551,474.4736,1393.7845,561.38654,0.9180276393890381
30,18,1002.82166,538.1598,1062.4033,630.29156,0.909336268901825
30,19,917.2188,542.91943,968.29877,631.5744,0.9019819498062134
30,20,1620.8004,449.9263,1675.254,527.7122,0.9181716442108154
30,21,1542.8568,447.65384,1580.3419,513.1906,0.8831552863121033
30,22,875.81665,591.3965,939.5919,700.5394,0.9008896946907043
30,24,1538.2043,491.58392,1595.9874,582.87036,0.8842612504959106
30,25,1602.8191,557.4642,1666.8108,666.18176,0.9169666171073914
30,26,1522.256,393.2509,1550.1759,460.3433,0.22776082158088684
30,30,293.56146,510.40833,330.9332,613.05084,0.7929033041000366
30,50,1519.2709,519.1227,1532.4819,532.984,0.2970273792743683
30,23,1892.607,584.9629,1920.0,686.4044,0.7492014765739441
30,53,1889.2217,583.3505,1920.0,686.63275,0.5845296382904053
31,15,1506.118,698.3268,1586.4725,819.29285,0.9262075424194336
31,16,677.91345,693.34985,732.5054,817.6925,0.9125995635986328
31,17,1328.4365,475.72562,1394.0723,563.45795,0.9146029353141785
31,18,1002.9549,536.0495,1063.6714,629.4426,0.9154914617538452
31,19,918.3098,542.3312,972.05615,634.3772,0.9064399003982544
31,20,1612.6381,450.63873,1667.7554,529.88586,0.8936663269996643
31,21,1543.1189,447.4382,1580.0999,512.0027,0.8483161330223083
31,22,875.4653,594.10345,937.8953,701.56506,0.8919504880905151
31,24,1533.9363,492.3229,1592.6182,585.393,0.8962316513061523
31,25,1603.1232,556.24976,1666.9832,663.9139,0.9149909615516663
31,26,1524.2117,393.44675,1551.5028,459.5248,0.6187947392463684
31,30,304.0095,510.2983,340.81406,611.3343,0.845809280872345
31,23,1894.6924,584.7063,1920.0,685.16125,0.828044056892395
32,15,1501.6436,698.5324,1580.5015,819.0983,0.9223015308380127
32,16,680.8365,690.12445,733.6386,809.9754,0.9204139709472656
32,17,1326.595,477.51596,1392.4744,564.4991,0.9102413654327393
32,18,1001.07855,534.23584,1063.358,630.16473,0.9146255254745483
32,19,920.2427,540.93646,975.5963,634.69415,0.9002993702888489
32,20,1607.2756,451.25818,1660.3029,530.7932,0.8754075765609741
32,21,1535.9271,447.64636,1579.4031,524.05804,0.8087413311004639
32,22,875.11395,595.7735,934.9136,700.8642,0.8882298469543457
32,24,1530.9412,491.03662,1588.979,585.6042,0.8635551333427429
32,25,1603.0262,555.4864,1666.3163,659.7383,0.9220976233482361
32,26,1524.7103,390.36212,1553.0039,459.24158,0.8191620111465454
32,30,314.1691,509.92624,350.75095,610.21313,0.8843725323677063
32,23,1896.4843,586.1251,1920.0,685.3748,0.8424200415611267
33,15,1492.2693,698.6028,1570.0842,820.588,0.9197580218315125
33,16,684.0857,687.57135,735.7026,803.458,0.9213002324104309
33,17,1323.5753,479.23456,1388.6377,564.34906,0.9111145734786987
33,18,998.7133,532.25226,1062.4431,631.54987,0.9070144295692444
33,19,921.12775,539.37396,977.7524,635.6259,0.9059246778488159
33,20,1602.9591,452.10526,1653.7992,531.0975,0.9071567058563232
33,21,1538.0934,447.90924,1577.9585,518.60266,0.7801108360290527
33,22,873.7462,595.3248,932.138,700.6737,0.8888890743255615
33,24,1528.5334,490.30933,1584.7085,584.42694,0.8156148791313171
33,25,1598.072,554.86554,1662.2865,658.3765,0.9194294810295105
33,26,1526.9375,391.2301,1554.802,458.9469,0.801335871219635
33,30,324.32025,509.36472,360.99155,609.8445,0.8414029479026794
33,23,1898.6257,588.1772,1920.0,685.98645,0.6253775358200073
33,50,1514.5659,519.85004,1528.1674,534.01337,0.6589511036872864
34,15,1486.5126,697.1556,1562.9707,821.14606,0.9234826564788818
34,16,684.1499,685.7785,735.8851,802.0857,0.9085883498191833
34,17,1318.8353,479.6352,1383.2041,563.71893,0.8732048869132996
34,18,996.227,530.2909,1060.5859,631.94196,0.8995238542556763
34,19,923.74023,538.1879,979.8518,634.0135,0.924196183681488
34,20,1599.3619,452.93747,1650.0254,532.35815,0.9009522795677185
34,21,1538.5653,449.8123,1578.5244,522.73486,0.7156215906143188
34,22,873.93976,593.1285,931.8164,700.2877,0.8845264315605164
34,24,1527.3302,498.58417,1578.6636,585.8533,0.8182935118675232
34,25,1591.0631,556.91016,1653.9987,660.0744,0.8868087530136108
34,26,1525.2375,393.96616,1553.5021,460.89078,0.6729562282562256
34,30,335.23117,509.65814,371.72546,609.75854,0.8370436429977417
35,15,1484.9222,694.93726,1561.0437,820.40955,0.925139307975769
35,16,684.4988,684.82184,736.5973,802.9938,0.9111153483390808
35,17,1314.3463,479.67587,1379.5873,565.9209,0.8982111811637878
35,18,998.9987,528.83527,1060.6167,626.0136,0.9092946648597717
35,19,927.0841,538.18646,981.7281,631.08,0.9071009159088135
35,20,1595.8303,452.37674,1646.0077,529.33417,0.9241900444030762
35,21,1541.2532,452.05875,1576.2327,516.3434,0.7323657870292664
35,22,876.6504,590.9799,933.6688,698.59827,0.8999091982841492
35,24,1521.9221,492.09372,1575.646,583.69727,0.8885030746459961
35,25,1588.7544,558.54224,1650.2563,661.58594,0.8571887612342834
35,26,1524.9907,395.5929,1553.7557,462.32794,0.7408750653266907
35,30,346.71304,510.2287,383.17932,609.86224,0.5739030838012695
35,60,1518.9851,396.57547,1555.9762,464.1202,0.3938266932964325
36,15,1484.5972,692.24255,1560.56,817.42834,0.9199613928794861
36,16,685.2456,683.62555,737.88873,804.0681,0.9056336283683777
36,17,1315.4178,479.8904,1381.2018,566.77057,0.9115727543830872
36,18,1001.6369,528.16473,1061.6106,621.4618,0.9227197766304016
36,19,931.0989,538.993,985.4072,630.52277,0.9112729430198669
36,20,1589.3036,452.25766,1640.5243,527.54236,0.8866939544677734
36,21,1541.8999,451.47998,1576.3105,515.10767,0.7526536583900452
36,22,878.77625,589.0763,936.2886,698.4342,0.9060817360877991
36,24,1517.7815,492.02805,1571.3138,581.82947,0.8939157128334045
36,25,1591.1029,560.7807,1640.939,646.4667,0.7349515557289124
36,26,1527.7765,396.03918,1556.5212,462.40332,0.7777550220489502
36,30,357.76315,511.35336,394.64236,612.09827,0.47804492712020874
36,60,1523.3073,396.40924,1559.4817,462.56845,0.1510729342699051
37,15,1482.6038,691.3276,1557.9805,812.1656,0.9363102912902832
37,16,688.33374,682.1319,737.81195,795.02747,0.884826123714447
37,17,1319.4142,480.17474,1385.2626,566.6732,0.916771650314331
37,18,1005.01483,527.9107,1063.829,618.775,0.9120373725891113
37,19,937.91315,541.37634,991.09015,630.3108,0.9001642465591431
37,20,1582.8726,452.86453,1635.691,528.67865,0.5010199546813965
37,21,1537.8125,450.50372,1576.5059,522.99005,0.655471920967102
37,22,881.0038,588.751,938.1792,695.86743,0.9176152348518372
37,24,1514.6411,491.72452,1568.7932,581.8964,0.9040620923042297
37,25,1587.0642,561.19214,1642.3716,658.963,0.8967610001564026
37,26,1531.8383,396.98853,1559.8394,461.82687,0.8316978812217712
37,30,368.35867,512.2005,405.6335,614.042,0.7226051092147827
38,15,1478.1747,690.7588,1554.7816,809.0119,0.9331326484680176
38,16,689.8827,679.8995,741.2415,798.127,0.8903338313102722
38,17,1323.9312,480.6683,1389.2716,565.3103,0.9152050018310547
38,18,1007.08014,527.8142,1066.8962,620.0598,0.9126104712486267
38,19,944.69653,543.41174,997.20557,631.2717,0.9042441844940186
38,20,1578.8854,454.04773,1631.3523,531.148,0.7910977005958557
38,21,1536.162,452.6946,1577.3688,530.8991,0.6782078146934509
38,22,882.7462,588.73944,940.3597,694.46606,0.9295257329940796
38,24,1513.6339,492.77664,1567.2626,583.3072,0.8788056969642639
38,25,1586.3607,560.37164,1644.7189,664.2053,0.9097182750701904
38,26,1535.0071,398.5497,1562.9951,463.4666,0.8353713154792786
38,30,379.8354,514.3086,416.4503,614.083,0.6286937594413757
39,15,1467.4935,690.9841,1544.3738,809.75183,0.9164640307426453
39,16,695.76556,678.254,745.93134,793.4013,0.9106436371803284
39,17,1328.288,482.09286,1393.3286,565.812,0.9161684513092041
39,18,1011.33453,528.20435,1071.6708,621.11035,0.8684682846069336
39,19,953.74084,544.1324,1005.60645,631.3788,0.8919714689254761
39,20,1574.592,455.0446,1625.22,532.69885,0.8624310493469238
39,21,1536.1338,456.47873,1577.3962,534.5776,0.7101709246635437
39,22,884.82764,590.25696,942.5515,694.2463,0.927608847618103
39,24,1515.0275,492.9693,1567.9155,583.95917,0.8019187450408936
39,25,1587.1962,559.58575,1647.5131,665.73395,0.9101762175559998
39,26,1538.9963,397.82385,1568.1196,466.07434,0.8414389491081238
39,30,390.9776,516.54083,427.1759,614.9401,0.8071655035018921
40,15,1461.9248,692.8451,1537.6527,811.1153,0.9132717847824097
40,16,699.6873,676.74286,749.3266,789.2156,0.917766809463501
40,17,1331.9581,483.22574,1397.3427,567.535,0.9204833507537842
40,18,1017.3769,527.6354,1078.1401,621.658,0.9185886979103088
40,19,963.32526,543.6206,1014.33545,630.52167,0.9092305302619934
40,20,1570.9817,453.85458,1622.2625,534.25665,0.874784529209137
40,21,1538.206,457.6165,1578.2756,535.5467,0.7060838341712952
40,22,886.40735,591.4051,944.6587,695.1975,0.9252538681030273
40,24,1513.624,494.29276,1565.2784,584.54236,0.8523949384689331
40,25,1586.3695,559.44073,1647.3695,663.081,0.9193179607391357
40,26,1542.5742,398.2539,1572.1195,468.1173,0.753332257270813
40,30,402.22736,518.5992,438.22955,615.25885,0.8876780271530151
41,15,1460.6595,693.6284,1537.0006,812.0943,0.9198659658432007
41,16,701.82874,676.22534,751.394,787.8923,0.9110024571418762
41,17,1333.4183,484.6923,1397.002,567.5231,0.9115678071975708
41,18,1022.28033,527.20123,1082.5775,620.6841,0.9081252217292786
41,19,973.3754,543.12946,1023.545,629.7939,0.905327320098877
41,20,1569.6155,452.65738,1620.7877,533.47015,0.8593683242797852
41,21,1539.5981,458.82513,1578.6748,536.10736,0.6569451093673706
41,22,887.4295,591.7311,945.852,695.2701,0.9230710864067078
41,24,1512.7439,493.48672,1565.3485,584.2611,0.9041222333908081
41,25,1586.4557,560.17267,1647.7572,660.5467,0.9062910079956055
41,26,1544.5541,399.15317,1575.0559,470.21817,0.7678500413894653
41,30,413.34897,520.64246,449.09244,615.64374,0.8398990035057068
41,60,1541.0444,398.64908,1580.2993,470.52844,0.4655286371707916
42,15,1455.7241,693.24164,1532.1798,813.3256,0.9131799340248108
42,16,704.48236,676.1905,754.51465,788.84827,0.9039099812507629
42,17,1337.981,486.90576,1398.9592,567.912,0.8284462094306946
42,18,1026.7162,526.3708,1086.1759,618.846,0.8977510929107666
42,19,982.9237,542.59973,1032.8314,630.51733,0.8904271125793457
42,20,1571.8214,454.7552,1617.3286,525.9751,0.4337674677371979
42,21,1539.9713,463.63406,1581.492,545.2462,0.721649169921875
42,22,887.4057,591.60645,945.58844,695.8384,0.9132953882217407
42,24,1512.2756,492.9662,1566.2261,583.6881,0.8945121765136719
42,25,1583.5626,561.77625,1644.9609,661.2258,0.9085952043533325
42,26,1549.8304,400.89862,1580.0237,470.90872,0.8029098510742188
42,30,423.82895,522.72217,459.47433,615.738,0.8990933299064636
43,15,1453.5833,691.4025,1529.4801,813.5803,0.9277915954589844
43,16,708.8753,674.52747,759.1368,788.3042,0.9233830571174622
43,17,1342.4866,487.71204,1403.2867,568.9919,0.893616795539856
43,18,1031.5734,525.89374,1088.5717,613.26733,0.8855201601982117
43,19,993.6107,542.78076,1042.5573,629.9812,0.8877739310264587
43,20,1563.9858,454.9194,1606.026,522.46857,0.4805821180343628
43,21,1538.1317,464.98495,1581.3809,549.37024,0.7244864702224731
43,22,889.2501,590.716,946.68475,696.35846,0.9150012731552124
43,24,1512.7266,493.434,1565.7327,578.9693,0.9100842475891113
43,25,1582.0444,563.12524,1644.3546,664.0217,0.9126265645027161
43,26,1555.9666,400.45895,1585.1741,467.5923,0.8341889977455139
43,30,434.64078,523.92993,470.2,615.2671,0.8658700585365295
44,15,1455.9,689.9657,1531.5504,814.4028,0.9219977855682373
44,16,713.7973,671.42194,764.75397,787.6303,0.9130615592002869
44,17,1345.8094,486.8955,1408.4927,570.7295,0.9113798141479492
44,18,1041.8286,526.7134,1090.4877,599.4823,0.8688313961029053
44,19,1004.00824,542.0522,1052.0588,628.92834,0.8804705142974854
44,20,1558.5837,449.9629,1603.039,524.0448,0.6470769047737122
44,21,1538.4955,466.55853,1580.2433,547.6023,0.7438293695449829
44,22,892.813,589.86633,949.96295,697.10876,0.9157214164733887
44,24,1513.6567,493.6711,1566.9983,578.29083,0.885312557220459
44,25,1576.9075,564.77997,1638.6893,666.04755,0.8859080076217651
44,26,1562.0927,400.64807,1590.213,464.6881,0.6340366005897522
44,30,445.41318,524.68774,481.75812,616.0595,0.9063237309455872
44,76,1552.364,474.9584,1601.7542,550.6205,0.7545761466026306
45,15,1458.7457,688.5515,1532.2114,811.0534,0.9130584001541138
45,16,718.29297,668.3233,769.19586,785.017,0.9029071927070618
45,17,1349.7449,486.44742,1412.8959,569.9511,0.9147368669509888
45,18,1044.7333,526.0128,1090.0745,593.9579,0.8288546800613403
45,19,1014.08295,540.3764,1062.4211,629.1225,0.8696488738059998
45,20,1561.2836,456.28986,1604.1681,527.7764,0.12388066202402115
45,21,1544.792,468.5875,1586.4452,545.4738,0.7820630073547363
45,22,898.0965,589.5904,954.9031,697.60614,0.9162333011627197
45,24,1513.2579,492.24554,1569.1339,582.60834,0.8883765935897827
45,25,1573.5277,564.67523,1634.7878,666.8097,0.891179084777832
45,26,1567.3914,401.0006,1596.4578,467.10648,0.7668496966362
45,30,456.2945,526.54956,492.97522,617.2536,0.8275735974311829
45,76,1550.4679,463.7609,1602.1927,543.17365,0.6046550869941711
46,15,1456.2883,688.8815,1528.8671,808.82635,0.9182896614074707
46,16,722.68915,665.99335,771.58813,778.6524,0.9036667346954346
46,17,1351.5856,487.31076,1415.6974,570.3588,0.919325590133667
46,18,1044.3964,525.221,1092.8525,599.2915,0.7790960073471069
46,19,1025.223,538.62634,1074.456,629.26514,0.8774589896202087
46,21,1544.594,467.8678,1584.4596,540.79675,0.7767345905303955
46,22,902.31226,589.83453,958.2502,696.8385,0.914150595664978
46,24,1509.4153,492.4301,1565.5774,585.1365,0.8143863081932068
46,25,1574.8768,563.6363,1637.2065,668.76996,0.9146557450294495
46,26,1571.6106,400.00082,1601.3652,466.575,0.7719274163246155
46,30,467.01236,527.95496,504.1535,618.6665,0.8948536515235901
46,76,1547.0092,458.0368,1599.2423,538.4907,0.7894511818885803
47,15,1453.599,689.8012,1526.5808,808.6779,0.9263020753860474
47,16,726.49634,664.9629,774.7331,776.73883,0.9113450646400452
47,17,1352.6241,489.03006,1418.7599,573.1767,0.915307879447937
47,19,1034.7301,535.9632,1085.8579,630.2231,0.8693304061889648
47,22,906.4628,591.38513,960.3744,694.8258,0.9203890562057495
47,24,1508.2355,494.27872,1563.5817,585.9979,0.8733803629875183
47,25,1577.4819,562.8509,1641.0939,670.59247,0.9265681505203247
47,26,1575.4235,398.86838,1605.6498,466.26328,0.6902106404304504
47,30,477.4988,529.1953,515.0766,619.51044,0.8564892411231995
47,76,1544.6208,457.91095,1599.5547,542.66644,0.8843448758125305
48,15,1450.0476,691.67554,1523.5348,810.9469,0.9300525188446045
48,16,729.2363,664.8156,777.21375,777.01874,0.8924999833106995
48,17,1355.0199,494.57895,1418.673,574.67126,0.8778174519538879
48,19,1044.0902,538.74304,1094.869,631.2193,0.866882860660553
48,22,909.8178,594.1059,961.819,694.52344,0.9095063209533691
48,24,1510.4049,494.52557,1565.8683,587.0083,0.8961867094039917
48,25,1578.7523,562.3271,1641.8607,667.77966,0.9136613607406616
48,26,1580.5582,401.76602,1608.9575,465.10477,0.5664986968040466
48,30,487.44223,530.5183,525.53564,620.8883,0.5814887285232544
48,76,1542.4491,456.9236,1601.6309,548.52,0.8809927105903625
48,18,1039.0981,531.2883,1093.5485,615.1196,0.7555554509162903
49,15,1446.2817,693.93414,1518.6235,812.3333,0.9285809397697449
49,16,733.0621,665.1403,781.12317,778.7559,0.9036767482757568
49,17,1355.092,499.92923,1415.724,576.47516,0.8277371525764465
49,19,1053.2231,540.7801,1104.0751,632.52954,0.8974250555038452
49,22,912.6063,596.8486,962.9619,694.45374,0.9022321701049805
49,24,1512.7855,495.2625,1567.28,585.3716,0.8894268274307251
49,25,1577.4805,562.42206,1641.327,666.72925,0.9199848771095276
49,26,1584.8153,402.31927,1614.7745,468.7798,0.1862761378288269
49,30,497.8341,532.785,536.21655,621.94495,0.37009620666503906
49,76,1537.6453,461.74472,1592.4243,546.196,0.13051944971084595
49,87,1340.1444,492.62897,1411.6815,552.7385,0.7588019371032715
49,18,1038.113,536.30457,1089.2853,616.119,0.7472715973854065
49,20,1546.0685,461.6935,1590.959,535.8071,0.890500545501709
50,15,1442.2053,695.2261,1513.1156,813.686,0.9200537204742432
50,16,736.33594,664.68225,783.4585,777.96533,0.9090009331703186
50,17,1358.34,504.01456,1414.4623,577.9039,0.8071354627609253
50,19,1062.2131,544.3602,1112.9507,634.70483,0.892881453037262
50,22,914.19586,599.1908,964.0077,696.13025,0.9066169261932373
50,24,1513.8561,496.52994,1566.9047,582.95154,0.8882229924201965
50,25,1576.8594,564.9576,1640.6711,667.74457,0.9068183898925781
50,26,1587.8538,404.96982,1618.6722,472.72763,0.14652305841445923
50,30,508.39658,534.0011,546.8889,622.4991,0.6099932193756104
50,87,1338.1232,493.82635,1404.5372,549.9069,0.7896350026130676
50,18,1045.7479,536.9627,1100.737,621.973,0.8203367590904236
50,20,1541.1572,463.79938,1583.4337,534.5898,0.8472929000854492
51,15,1439.4171,694.3614,1509.9581,815.7253,0.919068455696106
51,16,741.52264,664.1785,788.2491,778.1606,0.8917235732078552
51,17,1362.0775,508.07642,1414.4641,579.6485,0.8840330243110657
51,19,1071.9553,547.164,1122.0433,635.17896,0.9098408222198486
51,22,916.3283,600.3661,965.7647,697.00385,0.902900755405426
51,24,1516.2716,499.39597,1567.3284,582.08234,0.8956723213195801
51,25,1574.1713,568.62177,1636.8302,670.4534,0.8912490606307983
51,26,1593.4845,406.66125,1623.7333,473.2092,0.11248413473367691
51,30,517.82983,534.70184,557.2951,624.3232,0.5710322260856628
51,87,1338.2964,496.5308,1398.9152,548.15234,0.871850311756134
51,18,1049.5332,540.20337,1099.631,618.64764,0.829862654209137
51,20,1540.6569,465.60193,1580.9789,533.7093,0.8252164125442505
52,15,1439.8855,693.2261,1510.8223,817.85345,0.9286991357803345
52,16,748.2872,664.11743,793.0542,772.7003,0.9102957248687744
52,17,1363.4792,510.36246,1415.1604,581.3778,0.8802163600921631
52,19,1081.8771,548.2316,1132.3374,636.0121,0.8891317844390869
52,22,918.6373,600.2799,969.0216,697.45654,0.9184219241142273
52,24,1514.1703,501.58844,1562.555,582.5413,0.870468258857727
52,25,1573.9722,572.9924,1633.3512,672.35767,0.8744490146636963
52,26,1600.03,408.14337,1631.3014,476.42145,0.8520879149436951
52,30,527.6248,535.2019,567.9313,626.24664,0.6175051927566528
52,87,1340.8026,499.04932,1396.6584,547.05676,0.859997034072876
52,18,1055.4448,539.70184,1104.3098,616.9153,0.8420175313949585
52,20,1535.2882,468.8755,1580.3033,547.8014,0.8377649784088135
53,15,1441.432,692.561,1511.6942,816.7045,0.9195738434791565
53,16,752.81146,663.30566,795.9664,767.68823,0.9119532108306885
53,17,1365.2773,510.97586,1417.9812,582.56946,0.8732389807701111
53,19,1091.2649,549.6457,1142.0426,636.74805,0.8866230249404907
53,22,920.0719,599.4476,973.0048,698.7464,0.9180653095245361
53,24,1512.0132,502.4031,1559.2288,584.3266,0.8561039566993713
53,25,1572.227,574.589,1629.873,674.71564,0.8769440054893494
53,26,1604.1179,409.62845,1635.5336,478.45605,0.8551197648048401
53,30,537.8323,536.5865,577.5942,625.78424,0.5665128827095032
53,87,1345.37,500.38446,1401.7477,549.3021,0.835097074508667
53,18,1060.464,540.7531,1109.9042,619.94507,0.8328966498374939
53,20,1532.945,468.99103,1579.911,553.2605,0.8483527898788452
54,15,1440.6672,693.18365,1510.7821,814.29834,0.9316291809082031
54,16,754.8866,662.9688,798.5385,768.61053,0.9129077792167664
54,17,1363.8165,506.93137,1421.0521,583.93134,0.9098090529441833
54,19,1098.0955,549.30493,1149.5092,637.10236,0.8940984606742859
54,22,920.24615,598.8836,976.4106,699.5946,0.9211699366569519
54,24,1510.0983,502.73096,1556.9717,585.99316,0.90079265832901
54,25,1570.0632,570.70233,1629.0748,675.7837,0.9039880633354187
54,26,1606.4204,410.71323,1638.0878,478.7733,0.8291985392570496
54,30,547.54785,536.1512,587.82104,625.9499,0.5772038698196411
54,18,1067.1567,542.6438,1113.1827,617.65125,0.8286172151565552
54,20,1532.7079,468.40698,1580.0364,553.59546,0.8350721001625061
55,15,1438.4105,694.2662,1508.5554,810.4531,0.9317916631698608
55,16,757.69214,663.1148,802.0883,768.6275,0.9216139912605286
55,17,1365.3119,508.00024,1422.2365,584.8105,0.8587098717689514
55,19,1104.294,548.52374,1156.353,637.70416,0.8962607383728027
55,22,918.9694,599.07196,978.1995,700.1675,0.9297968149185181
55,24,1508.8541,502.57666,1556.8143,588.4279,0.8901792764663696
55,25,1569.1556,568.1352,1630.2979,677.7585,0.9055961966514587
55,26,1609.1423,412.43433,1641.344,479.16196,0.8407763242721558
55,30,557.3263,536.05444,597.69403,625.5865,0.8313319087028503
55,18,1071.3485,546.2991,1114.7358,616.822,0.8660077452659607
55,20,1533.6061,485.6703,1579.179,568.14075,0.7638100981712341
56,15,1435.5753,695.0526,1507.3451,810.2285,0.9394068121910095
56,16,759.73474,662.5286,805.7884,768.451,0.9240292310714722
56,17,1363.6506,506.78326,1420.9818,585.5854,0.9191321730613708
56,19,1108.8119,547.9817,1161.0381,638.1082,0.893615186214447
56,22,918.12555,599.6798,979.55597,701.02954,0.9246481657028198
56,24,1506.559,501.89465,1556.2391,588.90546,0.9030171632766724
56,25,1570.2612,568.2082,1630.8794,675.3762,0.9248842000961304
56,26,1613.4265,413.89624,1647.1409,480.74673,0.694414496421814
56,30,566.34827,537.5581,607.02606,626.9473,0.5937395095825195
56,18,1074.1512,546.56177,1117.948,616.8464,0.8812711834907532
56,20,1533.196,491.9126,1577.3907,572.8034,0.6908701658248901
56,98,1531.1935,467.21146,1550.3431,515.5723,0.7824988961219788
57,15,1430.9352,695.88904,1504.5802,812.52466,0.9335110783576965
57,16,760.1255,660.14813,808.18823,767.3704,0.91380774974823
57,17,1362.0784,506.19757,1418.3484,585.5157,0.909021258354187
57,19,1113.4347,547.71423,1164.7144,637.9906,0.8944542407989502
57,22,917.80145,599.8857,980.7071,701.85254,0.9237685203552246
57,24,1503.253,501.73282,1555.6095,589.5928,0.8935888409614563
57,25,1568.7107,569.5505,1629.6996,672.6274,0.9273735880851746
57,26,1617.3239,415.43512,1652.285,482.39264,0.667677104473114
57,30,575.13617,538.056,616.64044,629.36426,0.6170039176940918
57,18,1077.724,546.78357,1122.4556,617.95807,0.8726624846458435
57,20,1523.7423,495.15634,1571.4209,581.27905,0.634760320186615
57,98,1526.6779,468.0804,1545.8313,516.0929,0.6779246926307678
58,15,1425.1523,697.439,1498.9858,814.3337,0.9287002682685852
58,16,760.6303,658.5933,808.8232,762.446,0.9109392166137695
58,17,1363.5446,505.7117,1419.6426,585.8881,0.9246847629547119
58,19,1119.0691,548.6499,1168.8801,637.94385,0.8929480910301208
58,22,915.5712,599.7545,978.50653,702.1417,0.920072078704834
58,24,1498.6217,504.58383,1551.1825,588.45105,0.8901186585426331
58,25,1565.7793,570.5553,1627.1918,670.46655,0.9314354062080383
58,26,1622.2406,415.9018,1658.098,483.7948,0.7812170386314392
58,30,582.9559,538.7772,625.1828,631.5266,0.8511152267456055
58,18,1082.855,546.7825,1128.2546,618.67426,0.8884260654449463
58,20,1526.2646,496.5466,1573.552,582.13574,0.7252783179283142
58,98,1522.0331,469.7451,1541.5643,517.9918,0.8270805478096008
59,15,1419.155,698.13416,1492.3546,816.2754,0.9079676866531372
59,16,759.33435,657.44836,807.0826,758.05505,0.9012250304222107
59,17,1366.013,505.18954,1422.6703,586.77045,0.9287734031677246
59,19,1124.6611,549.75385,1173.7896,639.49146,0.8869293332099915
59,22,911.6099,598.9854,973.9072,702.10986,0.9102479815483093
59,24,1494.1228,506.29117,1547.8628,589.3204,0.886819064617157
59,25,1561.7686,571.774,1624.3756,671.7281,0.9220424890518188
59,26,1627.6842,416.13004,1663.3772,484.17645,0.851943850517273
59,30,590.116,540.55133,632.18933,632.56104,0.6439154148101807
59,18,1089.2014,547.13324,1135.8378,620.71655,0.8701291680335999
59,20,1527.9869,495.90057,1571.1628,575.8216,0.837311327457428
59,98,1514.341,469.6687,1535.6132,520.7058,0.8290714621543884
60,15,1414.0381,696.56134,1485.8772,816.58136,0.9161217212677002
60,16,755.29974,656.7013,803.213,757.54974,0.8889917731285095
60,17,1367.6475,504.9078,1424.934,587.3913,0.9276592135429382
60,19,1130.1266,551.2979,1178.367,640.40967,0.9035869240760803
60,22,908.2674,599.6377,968.5573,702.21484,0.9068545699119568
60,24,1490.9851,505.7009,1545.3301,589.8398,0.8491986989974976
60,25,1560.1539,573.2002,1623.7174,674.93823,0.9011992812156677
60,26,1631.2117,414.734,1667.8899,484.96964,0.8750447034835815
60,30,598.54675,542.64154,640.42535,634.11035,0.6173292398452759
60,18,1095.7413,547.4906,1141.1954,619.632,0.8877792358398438
60,20,1529.981,495.3883,1571.8682,573.6094,0.6080237627029419
60,98,1507.8333,468.71423,1532.515,526.3283,0.8224507570266724
60,106,1135.7764,365.9852,1154.2047,407.98914,0.7225737571716309
61,15,1411.9246,694.5991,1483.4496,816.87366,0.9291538596153259
61,16,752.0427,656.681,799.78076,757.99786,0.8961805105209351
61,17,1368.6516,504.43243,1427.0239,588.347,0.9281498193740845
61,19,1133.9352,553.4919,1181.6843,640.9936,0.9101679921150208
61,22,908.3366,599.841,966.64874,701.6929,0.9091920852661133
61,24,1486.4924,504.31586,1541.3988,592.5525,0.8040444850921631
61,25,1556.9099,574.7968,1618.7299,676.54114,0.8882182240486145
61,26,1635.5266,414.63345,1671.2585,482.9908,0.7351667881011963
61,30,605.88806,544.9952,647.20074,634.83264,0.8711614012718201
61,18,1103.0906,546.63745,1148.1329,618.4338,0.8958588242530823
61,20,1525.8816,496.23065,1568.2499,574.8854,0.7367896437644958
61,98,1501.9623,468.64627,1527.9006,526.6403,0.8544225096702576
62,15,1409.2714,693.5035,1479.9728,815.78455,0.9350314140319824
62,16,749.9973,654.7436,797.54584,756.7712,0.9012749195098877
62,17,1368.0007,504.27283,1426.8864,589.293,0.9169517159461975
62,19,1136.5924,555.8158,1184.4086,641.2432,0.9177607893943787
62,22,908.1036,600.0849,964.9898,702.2615,0.9106485843658447
62,24,1483.6191,503.14432,1537.5824,592.97424,0.8249272108078003
62,25,1550.0575,574.28534,1610.2965,676.9563,0.8741574287414551
62,26,1639.8995,415.2395,1676.7543,484.45377,0.8333078622817993
62,30,612.35425,545.7149,653.77,635.1653,0.861023485660553
62,18,1109.7761,544.8249,1155.4556,618.33496,0.8591158986091614
62,20,1525.0295,497.72244,1565.2063,570.2926,0.6938039064407349
62,98,1495.7434,468.4602,1523.2971,528.1025,0.8501626253128052
63,15,1402.0797,692.4777,1473.4401,815.02167,0.9356450438499451
63,16,749.1167,650.38837,798.642,757.00977,0.9217820763587952
63,17,1364.9978,504.76913,1422.8933,588.7612,0.8934765458106995
63,19,1140.7567,556.6779,1189.9425,641.5987,0.8837952613830566
63,22,908.31116,601.3062,963.41943,702.5367,0.9097983241081238
63,24,1482.406,504.03845,1534.7224,593.93634,0.7800902128219604
63,25,1542.5077,573.9568,1602.9701,677.5618,0.9156769514083862
63,26,1641.999,415.17737,1679.5688,485.6421,0.5376962423324585
63,30,619.3205,546.1302,660.3653,634.30005,0.8687413334846497
63,18,1117.2415,542.6641,1166.7947,623.5347,0.8544779419898987
63,20,1526.531,499.58142,1562.985,561.5817,0.7203318476676941
63,98,1490.2252,469.64468,1517.2252,525.79596,0.8555805683135986
64,15,1395.513,693.7862,1466.5189,814.079,0.9276139736175537
64,16,750.51917,647.2063,800.3262,753.3286,0.9279576539993286
64,17,1365.687,508.34302,1420.2684,588.75665,0.8513090014457703
64,19,1143.914,555.7936,1196.0911,642.871,0.8926948308944702
64,22,904.2784,604.7667,957.24725,702.4544,0.9121916890144348
64,24,1480.39,504.19107,1531.9634,594.12146,0.8063305020332336
64,25,1540.3212,572.9925,1601.3673,677.2206,0.9344882965087891
64,26,1648.186,418.04303,1685.7266,487.11194,0.8005420565605164
64,30,625.7744,547.5182,666.56085,634.88336,0.858173131942749
64,18,1123.9845,541.10815,1172.7902,622.63,0.8301005959510803
64,20,1523.4318,502.01505,1559.0131,560.73816,0.8267661929130554
64,98,1484.0518,473.97504,1515.0206,537.5959,0.8113933205604553
64,87,1351.2963,505.5631,1404.6567,551.8344,0.7628477215766907
65,15,1390.2781,696.3895,1460.0575,814.60583,0.9335361123085022
65,16,749.78864,645.11316,800.39325,751.441,0.9232783317565918
65,17,1362.848,510.35046,1417.6868,589.1946,0.8808149695396423
65,19,1146.845,553.5111,1202.5388,643.5477,0.8999791145324707
65,22,899.5381,606.8387,952.3358,702.96716,0.9175733923912048
65,24,1474.722,505.81964,1526.7999,594.26794,0.7938136458396912
65,25,1540.0188,571.939,1600.9603,675.5383,0.9158394932746887
65,26,1651.642,417.8357,1690.3065,488.9595,0.8040437698364258
65,30,632.0347,547.38245,673.66766,636.2787,0.8750828504562378
65,18,1131.1532,541.20447,1182.8683,629.30646,0.4912436306476593
65,20,1516.5896,502.8304,1560.3154,575.4514,0.6833075284957886
65,98,1480.8025,474.5819,1509.5754,533.7533,0.8066217303276062
66,15,1385.4781,696.4601,1454.5638,815.73535,0.9349286556243896
66,16,746.8826,643.3689,798.3846,750.49384,0.9171286225318909
66,17,1372.9437,514.32056,1425.7288,589.8361,0.8893313407897949
66,19,1149.9744,551.1959,1207.3374,642.1025,0.8909110426902771
66,22,896.1456,607.1794,951.02515,703.5923,0.9186349511146545
66,24,1470.817,508.44366,1523.1693,594.32574,0.7640708088874817
66,25,1539.0137,571.64966,1597.7712,670.8026,0.8913410902023315
66,26,1654.6252,417.8357,1693.3937,489.1655,0.8318861722946167
66,30,639.47253,548.02826,681.409,637.0981,0.7948266863822937
66,20,1511.4199,504.71347,1555.2557,577.7313,0.7809362411499023
66,98,1475.9236,472.53052,1504.5641,531.63513,0.8641924262046814
66,87,1344.5371,509.20438,1397.555,554.5415,0.545591413974762
67,15,1381.1858,696.57654,1448.7317,816.3714,0.9222822189331055
67,16,742.45526,642.863,793.9074,749.5577,0.9075358510017395
67,17,1377.4547,517.495,1429.4154,588.64825,0.8676390647888184
67,19,1150.8005,546.658,1211.523,642.5237,0.903666615486145
67,22,894.1718,606.7828,952.3239,703.963,0.9302789568901062
67,24,1466.4777,509.58374,1519.8328,594.4774,0.8472719192504883
67,25,1534.9469,573.01996,1592.5067,670.55646,0.8941055536270142
67,26,1660.88,419.385,1699.1714,489.7866,0.8351652026176453
67,30,646.779,548.0423,688.7451,636.9142,0.861858606338501
67,20,1500.2986,506.3611,1549.1232,588.35565,0.4373285174369812
67,98,1468.6753,471.08704,1500.2863,536.71387,0.8890268206596375
67,120,1345.8865,513.0373,1430.8677,576.8406,0.49392542243003845
67,87,1340.177,511.41907,1397.3047,560.8542,0.7361817359924316
68,15,1377.9891,695.7487,1444.2671,816.5707,0.9133293032646179
68,16,738.05054,641.8133,790.37665,750.5076,0.9077345132827759
68,17,1377.705,520.3535,1431.4618,589.62036,0.863200306892395
68,19,1150.856,543.8928,1212.8167,642.5308,0.9167559146881104
68,22,895.6854,606.36224,956.6297,705.37524,0.9275252819061279
68,24,1461.2482,509.61902,1517.2166,596.4916,0.8778829574584961
68,25,1531.208,575.55945,1585.8577,669.4787,0.7535692453384399
68,26,1664.0288,419.30585,1703.0763,490.2227,0.7905858755111694
68,30,654.2599,547.5081,696.49023,636.85443,0.8715563416481018
68,20,1506.3335,505.289,1554.5834,586.1519,0.7614293098449707
68,98,1464.0072,470.61795,1495.8684,536.56445,0.8568584322929382
68,120,1336.0521,515.66565,1428.7113,585.56665,0.13704121112823486
68,87,1335.2196,514.1043,1400.963,573.2027,0.7395175695419312
69,15,1376.5583,697.4677,1440.8849,816.578,0.9245818257331848
69,16,736.44135,640.5626,789.0368,748.75446,0.9127583503723145
69,17,1376.243,523.6539,1433.1783,591.84186,0.8694258332252502
69,19,1160.6538,541.8431,1220.4337,640.8824,0.7421206831932068
69,22,895.21484,605.5059,957.258,706.12537,0.9162582159042358
69,24,1461.9845,513.8646,1516.4103,597.30963,0.9108469486236572
69,25,1530.5349,577.2059,1585.3037,673.92255,0.8819046020507812
69,26,1667.9933,419.88498,1707.491,490.68115,0.8052109479904175
69,30,662.1108,548.1595,704.2796,637.1106,0.6466785669326782
69,20,1514.2777,502.99414,1560.4357,579.9679,0.8196382522583008
69,98,1456.0187,470.19315,1492.008,544.21216,0.8581783771514893
69,120,1333.2627,518.8322,1425.5043,588.9473,0.40607067942619324
69,87,1332.7997,517.4402,1404.2343,584.4225,0.751883864402771
69,18,1152.3267,543.4622,1208.4766,640.3885,0.8827797770500183
70,15,1374.0403,693.6185,1440.3577,817.08386,0.9336921572685242
70,16,735.89197,639.5151,788.713,747.00696,0.9162862300872803
70,19,1174.6371,540.4504,1227.9178,633.3192,0.778205156326294
70,22,892.94305,604.4114,954.11957,705.6761,0.9210676550865173
70,24,1462.321,515.19183,1516.3446,597.57007,0.9111177325248718
70,25,1526.1377,577.1296,1579.7201,675.5349,0.9091621041297913
70,26,1671.1351,417.0848,1712.7855,491.11334,0.8247425556182861
70,30,669.873,548.67004,711.71204,636.9061,0.7939033508300781
70,20,1522.0721,499.68903,1565.9757,573.0195,0.9066747426986694
70,98,1451.8496,471.61703,1487.8933,545.1345,0.8792788982391357
70,120,1347.8829,521.79517,1441.786,593.00446,0.8368363976478577
70,87,1336.3969,519.68604,1404.4207,585.7772,0.6935715675354004
70,18,1155.5524,542.0925,1213.0664,643.6432,0.8761329054832458
71,15,1369.388,691.5878,1437.3396,815.6929,0.9287089109420776
71,16,734.84106,639.0812,786.32117,742.7174,0.9270427823066711
71,19,1184.1837,538.51886,1234.7054,630.2063,0.7681073546409607
71,22,891.39777,603.76404,951.1897,705.1505,0.910933792591095
71,24,1464.7655,520.2904,1514.9644,597.4016,0.8062835335731506
71,25,1522.0198,575.534,1576.3953,678.16125,0.8953419327735901
71,26,1677.7864,419.76434,1718.5245,491.72614,0.8668032288551331
71,30,678.7232,552.1794,719.5168,637.86456,0.8606563806533813
71,20,1529.7471,497.1158,1573.3568,571.20233,0.8544549345970154
71,98,1449.0535,474.88196,1485.4835,549.0586,0.8664290308952332
71,120,1347.0687,522.46954,1428.3906,584.7028,0.7086176872253418
71,87,1342.563,521.15216,1402.0098,580.79736,0.6383777260780334
71,18,1159.3174,540.4363,1214.987,641.6728,0.8838861584663391
71,17,1381.6078,527.1043,1438.8246,593.40643,0.8405156135559082
72,15,1365.2365,690.753,1434.2858,812.7706,0.9319702982902527
72,16,731.9722,638.7799,782.37213,740.52423,0.9313772916793823
72,19,1190.7197,539.3523,1240.9692,633.7994,0.805446445941925
72,22,891.0784,604.045,948.9356,704.0533,0.8887693881988525
72,24,1468.3661,531.86017,1510.9327,597.7889,0.8126418590545654
72,25,1520.1775,573.66077,1574.7871,678.0799,0.9085801243782043
72,26,1684.2291,420.24167,1725.0283,491.79758,0.8438878655433655
72,30,686.4387,555.6435,726.3577,638.666,0.8292728066444397
72,98,1448.4073,476.50342,1484.6886,551.32495,0.8726782202720642
72,87,1354.298,521.61646,1404.958,573.00836,0.791660487651825
72,18,1163.7695,539.5105,1218.4585,642.3136,0.8663708567619324
72,17,1387.0992,529.53925,1441.9849,593.3974,0.8621670603752136
72,21,1543.679,494.10062,1590.5771,578.20044,0.8992359638214111
73,15,1362.8318,691.1932,1432.9133,811.03064,0.9376623630523682
73,16,727.3719,638.68713,777.25037,741.6764,0.9150937795639038
73,19,1196.8904,535.94104,1246.5577,632.30676,0.8637380003929138
73,22,891.2367,604.3907,947.9061,703.78076,0.9064978957176208
73,24,1465.619,517.4476,1514.9669,597.11194,0.8532238006591797
73,25,1520.3474,572.67267,1575.665,677.8454,0.9161983132362366
73,26,1690.0656,420.18692,1731.1711,491.63507,0.8729426860809326
73,30,695.3158,560.4488,733.7268,639.45746,0.8567149043083191
73,98,1444.4305,476.74753,1481.1365,553.0709,0.8544241189956665
73,18,1168.4198,539.3815,1220.9655,641.92334,0.8764349818229675
73,21,1547.1376,493.16055,1594.9071,575.8135,0.8877311944961548
73,120,1355.5042,524.0264,1443.4652,592.43774,0.811825692653656
74,15,1359.5626,693.28937,1430.6053,811.8492,0.9402696490287781
74,16,724.9244,638.36505,774.1263,742.1094,0.9227789640426636
74,19,1202.9119,533.0464,1252.7238,632.52155,0.8725692629814148
74,22,888.4527,605.8496,944.7783,704.46826,0.9024270176887512
74,24,1465.7244,512.1267,1515.8481,595.58746,0.8924987316131592
74,25,1518.6426,572.36145,1572.0165,671.5124,0.9108271598815918
74,26,1696.5681,420.22174,1738.0238,492.37296,0.8839421272277832
74,30,704.1598,562.3538,741.53174,638.5405,0.8482003211975098
74,98,1440.7711,474.3106,1478.7571,553.3566,0.8986337780952454
74,18,1173.2755,539.5116,1224.2649,641.9147,0.8650886416435242
74,21,1553.4146,492.84808,1601.582,567.68994,0.857734739780426
74,120,1353.7452,521.03644,1444.7107,593.58014,0.9071847796440125
75,15,1359.2562,694.025,1430.0726,811.88525,0.9114697575569153
75,16,726.41785,637.8464,774.7496,739.68353,0.9176972508430481
75,19,1210.2717,532.50555,1260.6993,635.8827,0.8752083778381348
75,22,885.16364,608.03284,941.63477,705.22235,0.9111775159835815
75,24,1466.1543,507.4973,1517.8346,595.4573,0.9036761522293091
75,25,1517.1735,572.8915,1571.0577,670.22577,0.9103265404701233
75,26,1702.5985,419.09546,1744.5354,492.4194,0.8857699632644653
75,30,711.9808,564.99884,749.2561,640.0185,0.8031763434410095
75,98,1439.1838,474.47812,1477.654,554.55383,0.8934404253959656
75,18,1177.2728,541.2607,1226.4121,641.9609,0.8638432621955872
75,21,1556.4215,492.3889,1601.8464,558.6851,0.7514403462409973
75,120,1355.8094,518.54584,1446.8453,592.8593,0.9081882834434509
76,15,1356.8213,694.5387,1426.6262,811.8144,0.9226667284965515
76,16,726.0661,636.20233,775.89246,738.8863,0.9005958437919617
76,19,1220.5281,532.7052,1268.7546,634.6049,0.8848563432693481
76,22,882.40546,610.089,939.4582,705.73035,0.9286285638809204
76,24,1466.738,505.23724,1518.9485,594.31464,0.9083490371704102
76,25,1514.2045,573.79156,1568.3226,670.04785,0.9221667647361755
76,26,1710.0742,417.22034,1752.0208,491.17932,0.8511253595352173
76,30,721.1426,565.06244,759.93774,642.88074,0.7579711079597473
76,98,1437.8717,473.0266,1477.3884,554.2782,0.8753276467323303
76,18,1180.4733,543.0413,1228.933,642.4404,0.9011093378067017
76,21,1557.1127,492.38498,1608.1074,566.51556,0.8601844906806946
76,120,1359.2804,515.7236,1451.8568,593.06537,0.904715895652771
77,15,1357.3234,693.531,1426.2458,812.5084,0.9063290357589722
77,16,727.1536,636.4351,775.97766,735.0627,0.902529776096344
77,19,1231.7562,534.32556,1278.0917,635.1142,0.8922435641288757
77,22,881.8141,610.35657,940.515,705.8189,0.9293797016143799
77,24,1469.9409,505.05322,1522.1158,592.99854,0.8870989084243774
77,25,1513.6945,575.39636,1567.9075,671.4503,0.9052191376686096
77,26,1717.3798,416.45224,1758.7664,491.36533,0.8773249983787537
77,30,730.35675,565.177,771.76587,648.51294,0.8229455351829529
77,98,1436.4565,472.17627,1476.604,553.2149,0.8595605492591858
77,18,1185.325,543.486,1234.2026,642.77545,0.9139164686203003
77,21,1558.7148,494.5979,1616.0663,579.3781,0.8267120122909546
77,120,1364.6259,512.23517,1457.6855,591.64417,0.9103447794914246
78,15,1361.4218,691.65356,1428.9312,812.16235,0.9007060527801514
78,16,727.64984,632.62494,777.0434,733.08624,0.9137420654296875
78,19,1243.9633,535.1058,1288.9381,635.60016,0.8783102035522461
78,22,885.9036,609.46454,947.3659,705.1519,0.9358164072036743
78,24,1473.7384,505.3749,1526.8091,593.3129,0.9205265045166016
78,25,1517.1447,575.6951,1571.1222,671.86847,0.8908725380897522
78,26,1727.3793,414.91806,1768.4393,491.05527,0.8811424374580383
78,30,743.2135,564.66925,782.8354,644.31586,0.7635711431503296
78,98,1438.5253,472.74603,1474.8767,544.0517,0.8572394251823425
78,18,1192.19,543.66504,1241.762,642.7728,0.911104679107666
78,21,1563.8771,496.91483,1625.5056,589.92413,0.9038596749305725
78,120,1373.3501,511.66495,1462.9513,589.1956,0.902026355266571
79,15,1366.5938,689.0045,1433.5208,812.3182,0.9166126251220703
79,16,729.2374,629.07935,778.4252,731.4794,0.9115439653396606
79,19,1256.4764,534.66943,1300.985,636.29315,0.8965770602226257
79,22,893.2806,608.3377,957.2075,704.5002,0.9287765026092529
79,24,1477.8276,506.59613,1531.7445,595.96515,0.9047001600265503
79,25,1516.4125,575.4008,1571.2483,672.9043,0.8741892576217651
79,26,1738.4373,414.83026,1778.8875,491.29657,0.8622503876686096
79,30,754.76044,564.6666,793.794,642.66833,0.581559419631958
79,98,1443.2119,474.51175,1478.7017,542.3572,0.8422073125839233
79,18,1203.1455,542.2587,1254.1052,642.8023,0.9102386236190796
79,21,1574.1699,499.92456,1629.5951,584.7892,0.8058832287788391
79,120,1382.1125,510.54306,1472.5353,589.8774,0.9034368395805359
80,15,1370.6307,687.35693,1436.47,810.6616,0.9268333911895752
80,16,734.2446,626.5044,783.493,730.7983,0.9111555218696594
80,19,1271.8894,535.3632,1315.1921,636.4405,0.8932768106460571
80,22,900.271,606.5478,967.2809,705.3421,0.9235019683837891
80,24,1485.6904,508.12396,1538.7754,597.0776,0.8899326324462891
80,25,1517.1473,573.9287,1572.3462,673.46027,0.8944406509399414
80,26,1750.7391,415.1422,1790.365,491.52747,0.8584799766540527
80,30,769.50116,563.7014,808.87146,641.8184,0.5423566699028015
80,98,1448.2454,476.79642,1485.2733,547.54987,0.8267091512680054
80,18,1215.7808,541.5072,1267.7362,643.3107,0.91767817735672
80,21,1583.8273,501.63837,1642.4022,593.6509,0.866000235080719
80,120,1390.7198,510.3689,1480.557,590.5887,0.8871186375617981
81,15,1374.3411,688.00836,1439.1058,809.50684,0.9224600195884705
81,16,740.83734,624.88367,789.5405,729.2778,0.9071547389030457
81,19,1287.7751,536.3871,1330.4307,637.7253,0.9012268781661987
81,22,907.9422,605.8747,975.28503,705.51056,0.9038958549499512
81,24,1497.2814,510.02634,1548.1501,597.3687,0.8849508762359619
81,25,1526.5537,572.60315,1582.119,673.7123,0.8920295238494873
81,26,1764.7599,416.20294,1803.285,490.81186,0.8535124659538269
81,30,782.86475,564.0472,822.83344,641.8391,0.5870919227600098
81,98,1455.5525,478.41907,1489.7666,544.41516,0.8807666897773743
81,18,1229.3765,539.6119,1281.7229,642.52026,0.916485071182251
81,21,1596.7894,502.90958,1656.3218,597.6921,0.8889264464378357
81,120,1400.3242,510.8303,1488.5121,591.3505,0.9056665897369385
82,15,1381.1296,688.1677,1445.8655,809.7412,0.9169092178344727
82,16,750.2181,624.07684,797.57056,725.41736,0.9027490019798279
82,19,1304.879,536.96124,1346.7478,638.63226,0.8786449432373047
82,22,914.0378,604.9809,979.83276,703.9115,0.8993135690689087
82,24,1507.1992,509.35464,1555.6586,596.44,0.8626930117607117
82,25,1537.2112,572.1793,1593.9102,675.8885,0.9130004644393921
82,26,1779.9298,418.60458,1817.248,490.00464,0.8739764094352722
82,30,801.3181,563.4984,843.0491,643.1824,0.6044179797172546
82,98,1458.7223,478.20746,1495.8038,551.3494,0.8595917224884033
82,18,1243.5468,537.92206,1296.2024,642.3926,0.901542067527771
82,21,1608.2588,503.35046,1667.2302,598.9059,0.8735052347183228
82,120,1409.6132,509.3022,1496.871,591.55,0.906795084476471
83,15,1390.4445,689.9217,1454.0748,809.9041,0.9181768894195557
83,16,758.7978,623.6178,805.2842,722.88074,0.9000453352928162
83,19,1323.216,539.1361,1364.0939,640.1546,0.8842665553092957
83,22,922.28186,603.6446,988.0916,703.9414,0.8952405452728271
83,24,1518.6986,508.50238,1563.675,592.48645,0.8769333958625793
83,25,1543.5016,571.5133,1602.063,675.628,0.9137991666793823
83,26,1794.2737,420.71405,1831.1322,489.93475,0.8730509877204895
83,30,817.39404,563.84766,860.29926,643.2755,0.8116140961647034
83,98,1466.5419,477.85083,1504.5844,552.90735,0.8640196919441223
83,18,1257.1571,537.1741,1309.0074,642.071,0.9122084975242615
83,21,1623.5504,503.321,1680.253,595.3217,0.8354160189628601
83,120,1417.6798,505.96613,1504.6327,591.4096,0.8950237035751343
84,15,1400.6764,690.62946,1463.2347,810.3898,0.8982217907905579
84,16,765.27405,622.9158,811.43835,721.4252,0.9071369171142578
84,19,1341.825,540.07745,1381.902,641.04315,0.8781893849372864
84,22,929.9568,603.663,994.7629,704.1698,0.8821729421615601
84,25,1551.5641,570.8029,1611.5612,674.6481,0.9182983636856079
84,26,1809.3663,422.69574,1846.3047,490.23776,0.8524705767631531
84,30,832.24603,563.6304,877.32513,643.7426,0.8565467596054077
84,98,1476.7697,477.77576,1515.3154,553.51373,0.8392795324325562
84,18,1269.9647,536.24744,1320.8936,642.3234,0.8945584893226624
84,21,1637.1007,503.73718,1693.8635,597.0095,0.9045714139938354
84,120,1427.8455,502.96063,1513.9537,591.74023,0.8821874260902405
84,20,1531.6797,505.7266,1580.3883,594.7154,0.8775960206985474
85,15,1411.3711,690.671,1473.2688,811.37537,0.9113478660583496
85,16,772.5164,621.8196,817.01404,717.00287,0.9070476293563843
85,19,1361.2463,541.6761,1400.5789,642.1872,0.897966206073761
85,22,936.3992,604.9841,999.5838,705.49457,0.8959020972251892
85,25,1559.8043,570.33453,1622.0905,676.4297,0.8961832523345947
85,26,1824.7003,423.84772,1862.3247,490.92368,0.8634474873542786
85,30,848.03906,563.92773,895.31177,644.2436,0.8769335746765137
85,98,1484.5999,477.2216,1519.0856,546.52344,0.8406232595443726
85,18,1282.1321,535.9,1331.4874,642.43976,0.8885239362716675
85,21,1651.7633,505.0534,1708.286,598.7493,0.9062990546226501
85,120,1443.5352,503.76544,1526.3704,593.2627,0.8490760326385498
85,20,1538.8025,507.4851,1586.2026,596.2661,0.8895814418792725
86,15,1421.796,690.7549,1482.4459,811.131,0.9099810719490051
86,16,781.3289,620.52716,825.69977,714.5223,0.9048664569854736
86,19,1381.3073,541.9738,1419.894,642.2704,0.8847811222076416
86,22,945.4443,606.71985,1006.093,705.88153,0.8911207318305969
86,25,1568.6365,568.44995,1632.939,678.55426,0.9018572568893433
86,26,1841.9155,424.42584,1879.9865,491.63766,0.8783908486366272
86,30,861.52985,564.22626,911.7319,645.0469,0.8794629573822021
86,98,1496.8015,478.1032,1526.2213,537.6576,0.8234072327613831
86,18,1295.2112,535.88477,1342.2433,641.5375,0.8674188256263733
86,21,1667.463,507.8604,1723.057,599.59607,0.9114108085632324
86,120,1458.2916,500.91183,1540.7549,593.9148,0.8855190873146057
86,20,1548.2706,507.24112,1596.1707,597.353,0.9105139970779419
87,15,1430.9762,690.1048,1491.766,811.71204,0.9195496439933777
87,16,793.99786,619.1568,839.14215,714.65967,0.883827269077301
87,19,1401.0426,543.138,1439.0862,643.1161,0.889778196811676
87,22,952.7092,607.54626,1012.92303,707.2144,0.9075500965118408
87,25,1581.2472,569.9048,1643.7922,679.9681,0.8511661291122437
87,26,1859.0527,423.18573,1898.3284,491.9698,0.8725030422210693
87,30,876.84814,563.52264,930.1186,645.7392,0.8822088241577148
87,98,1508.4359,480.81903,1537.2646,539.451,0.8608182072639465
87,18,1309.6395,535.5628,1356.0599,643.2792,0.8945055603981018
87,21,1683.1989,511.155,1738.2301,600.8852,0.8991255760192871
87,120,1475.9918,505.2172,1552.6749,594.0813,0.8739460706710815
87,20,1560.807,508.09067,1610.4467,598.8064,0.9049304127693176
87,151,861.4105,562.96136,940.64014,645.737,0.5605975389480591
88,15,1439.469,689.85315,1501.0111,812.2537,0.9315037131309509
88,16,807.1132,621.9656,851.3369,713.2478,0.8973815441131592
88,19,1422.2675,543.8963,1459.8978,643.9325,0.8914851546287537
88,22,961.094,608.27515,1020.73566,707.9931,0.9123461842536926
88,25,1591.3906,574.73846,1649.3677,680.4,0.8439998030662537
88,26,1876.5055,423.8119,1914.8599,491.2348,0.8308135271072388
88,30,889.59283,563.42505,946.00104,646.7316,0.8239619135856628
88,98,1519.214,481.72708,1550.6467,544.17285,0.8094325661659241
88,18,1324.8036,539.27075,1369.7178,644.11755,0.9169319868087769
88,21,1698.2797,514.0829,1752.739,602.18567,0.9139798879623413
88,120,1495.3973,515.9773,1562.7578,594.26544,0.8629340529441833
88,20,1574.5454,509.75034,1624.6326,600.0983,0.822970986366272
88,151,873.3865,563.18744,953.6086,646.92303,0.6847124099731445
89,15,1449.641,689.9951,1511.6913,811.78253,0.9321774244308472
89,16,815.94965,623.252,859.3626,711.12573,0.898413360118866
89,19,1442.2076,544.5602,1479.4609,644.6528,0.8899108171463013
89,22,972.7675,608.61566,1031.3336,707.8603,0.9044594168663025
89,25,1602.2906,578.5328,1657.5001,681.6396,0.8750090003013611
89,26,1889.1372,419.98273,1920.0,491.0151,0.8289290070533752
89,30,902.11395,564.2742,961.06323,648.39087,0.9091976284980774
89,18,1338.3058,542.8901,1383.3436,646.0134,0.9194726943969727
89,21,1711.8074,515.9817,1766.7194,605.0306,0.9122427105903625
89,120,1502.2357,496.30698,1585.8214,596.507,0.8773319721221924
89,20,1588.9178,512.59033,1638.124,601.97266,0.8559255599975586
89,151,888.0247,563.9001,969.24084,648.76263,0.3404732048511505
90,15,1461.4882,692.06586,1523.6024,813.00867,0.9278998374938965
90,16,823.3743,625.6396,865.2175,709.0391,0.8150065541267395
90,19,1462.2161,545.77106,1499.3749,646.3759,0.8860485553741455
90,22,985.4856,608.8736,1041.7545,705.98694,0.9214974641799927
90,25,1613.5533,577.7798,1670.3892,685.133,0.8922166228294373
90,30,913.788,564.1069,974.3026,649.6002,0.7435222268104553
90,18,1351.8655,546.78076,1397.578,647.7017,0.9168624877929688
90,21,1725.716,516.8613,1782.1311,608.2896,0.9234157800674438
90,120,1515.7275,498.42184,1597.247,598.15356,0.8738242387771606
90,20,1605.3495,514.733,1652.0272,601.1897,0.8590524196624756
90,151,901.6139,563.9444,983.19696,649.7827,0.8316318988800049
90,98,1532.3727,481.4022,1568.8538,552.1763,0.6757895350456238
91,15,1474.3365,694.22296,1535.4344,813.9505,0.9184666872024536
91,16,830.4917,629.5622,872.17847,710.5054,0.6109153628349304
91,19,1481.6718,548.7628,1518.46,648.4208,0.9007502794265747
91,22,998.31195,608.5112,1052.5117,704.7836,0.8984651565551758
91,25,1623.6587,577.0301,1681.4926,686.06683,0.9046227335929871
91,30,924.4341,566.8761,983.9027,650.8326,0.8488355278968811
91,18,1367.3003,548.7479,1414.5394,649.96063,0.9175733923912048
91,21,1741.3419,517.14294,1798.7133,610.18555,0.9123517274856567
91,20,1620.2734,515.4702,1663.9116,597.8295,0.8670192360877991
91,151,913.37744,567.2275,992.0181,650.89264,0.8188396096229553
91,154,842.31586,630.89404,882.2077,713.2113,0.8678125143051147
91,98,1538.0688,480.7613,1578.1691,558.65753,0.835056722164154
91,24,1550.8817,510.90054,1599.3123,599.19934,0.8507455587387085
92,15,1487.4939,696.6087,1547.0754,815.91956,0.922999382019043
92,19,1500.5615,550.97424,1537.22,650.5086,0.8884694576263428
92,22,1009.50635,606.5152,1062.8489,704.9285,0.9128060340881348
92,25,1629.4404,578.6618,1688.1228,686.1458,0.9056735038757324
92,30,931.9558,570.04236,990.51276,653.16486,0.8205450177192688
92,18,1380.8905,549.90436,1429.248,652.34045,0.914178729057312
92,21,1755.7559,516.7856,1813.783,611.67847,0.9132680296897888
92,20,1636.3569,515.9112,1676.1272,591.8321,0.876941442489624
92,151,921.22986,570.5353,997.9659,653.37866,0.5964619517326355
92,154,846.2865,632.0407,887.2929,715.56146,0.844243586063385
92,98,1543.5437,480.8924,1584.7559,561.7748,0.8844800591468811
92,24,1558.2585,506.79254,1608.2931,600.0811,0.8264672756195068
93,15,1498.7311,697.7873,1557.1711,817.4962,0.9152941703796387
93,19,1518.0248,551.87555,1555.3025,653.01715,0.8840159177780151
93,22,1019.58496,604.94415,1072.5983,706.9737,0.9089508056640625
93,25,1637.2224,581.3176,1695.9373,685.2838,0.9052821397781372
93,30,939.7857,573.7674,997.5671,656.6686,0.8380594253540039
93,18,1394.0044,549.80664,1442.7968,652.9253,0.900375247001648
93,21,1768.169,516.3213,1826.8384,613.9959,0.9185277223587036
93,20,1650.6385,516.16986,1689.3345,591.0241,0.8762364983558655
93,154,839.48724,634.5303,880.10596,715.7623,0.8430743217468262
93,98,1549.9427,483.14334,1590.8795,564.12573,0.8858776688575745
93,24,1568.4205,506.92807,1617.4186,602.027,0.6454976797103882
93,16,848.4215,633.3088,894.80133,715.4091,0.7671861052513123
94,15,1509.7601,698.85736,1567.757,820.45984,0.9088811874389648
94,19,1534.3365,554.4982,1571.5155,655.5093,0.8954399824142456
94,22,1028.926,604.353,1080.3044,707.4771,0.8967781662940979
94,25,1644.5479,589.337,1702.9065,689.17645,0.902667760848999
94,30,947.8012,577.5567,1004.5841,658.85,0.8346633911132812
94,18,1405.7269,549.1152,1454.6177,654.0414,0.9061102271080017
94,21,1777.6487,515.4742,1836.4817,616.33136,0.9266456365585327
94,20,1660.6356,515.9534,1704.0217,601.6671,0.8615038990974426
94,98,1556.8615,485.276,1597.7274,565.73315,0.8474289774894714
94,24,1575.8718,502.39835,1625.6976,603.23944,0.8611670136451721
94,16,851.5616,638.4394,900.48553,716.5127,0.9055456519126892
95,15,1519.2343,700.042,1576.8274,823.21545,0.9140737056732178
95,19,1550.1771,558.13104,1586.7195,657.74506,0.8780494928359985
95,22,1037.2986,604.2772,1086.5496,706.56934,0.8998044729232788
95,25,1649.7505,593.8034,1709.1887,693.8593,0.9152652025222778
95,30,951.46735,583.1059,1008.51196,660.892,0.8663516044616699
95,18,1414.6748,548.68115,1463.1323,655.6413,0.8879004120826721
95,21,1787.7872,514.90137,1846.0087,618.07465,0.9233179092407227
95,20,1669.4578,516.592,1715.9613,610.8352,0.8964016437530518
95,98,1565.1139,490.00644,1603.8296,566.4676,0.8111764788627625
95,24,1585.0472,501.49985,1633.7485,604.4501,0.8706097602844238
95,16,854.05725,642.8737,905.90106,718.5405,0.9239429235458374
96,15,1528.3832,701.6565,1585.007,825.39044,0.9130046367645264
96,19,1564.7395,559.71954,1601.7871,661.4574,0.8589038252830505
96,22,1042.5117,605.6528,1091.0005,708.5457,0.9054527878761292
96,25,1656.3855,597.83075,1714.9132,697.09174,0.9119493365287781
96,30,968.7741,587.5344,1024.7776,663.632,0.8455702066421509
96,18,1422.489,549.55444,1469.6056,656.98145,0.8962791562080383
96,21,1798.4152,514.8215,1855.8535,619.8007,0.915119469165802
96,20,1677.8436,518.2124,1725.6879,615.3971,0.8930667638778687
96,98,1575.7084,493.61792,1610.2441,562.63324,0.8535363078117371
96,24,1593.8201,501.7463,1641.743,606.9842,0.877532958984375
96,16,857.22284,649.3589,909.3624,719.04126,0.8843894600868225
97,15,1533.6476,703.8933,1590.2522,827.72534,0.9175052046775818
97,19,1580.0101,560.7337,1617.8143,665.81146,0.8779435157775879
97,22,1049.1044,607.53625,1096.4462,710.8389,0.8969702124595642
97,25,1661.6544,597.63446,1719.6995,700.18866,0.8814568519592285
97,30,973.88336,590.8898,1030.9635,665.3613,0.8226964473724365
97,18,1429.7231,551.3105,1475.8395,659.76624,0.9036633372306824
97,21,1808.9636,515.85785,1865.282,621.8232,0.906101405620575
97,20,1686.4779,521.55286,1734.3964,618.2395,0.8960204720497131
97,98,1580.8212,496.30157,1613.368,561.2924,0.860724151134491
97,24,1602.1405,504.24112,1648.8901,609.2382,0.8938628435134888
97,154,851.52893,657.2699,882.99316,716.6486,0.886376142501831
98,15,1537.8556,706.1414,1595.3779,831.86975,0.9132826328277588
98,19,1594.031,563.25854,1632.1091,669.7585,0.8687114715576172
98,22,1055.4019,610.848,1101.1539,713.61334,0.8716784715652466
98,25,1666.3662,598.90546,1722.8374,703.5574,0.877999484539032
98,30,976.38684,595.8156,1033.1598,666.53015,0.8033998608589172
98,18,1436.6423,553.0856,1482.3903,663.5815,0.903563916683197
98,21,1817.6324,517.5937,1872.7692,624.60565,0.9096168875694275
98,20,1695.7908,527.1553,1741.7656,619.7812,0.9185231328010559
98,98,1584.5588,497.6579,1617.2437,562.81195,0.8883975148200989
98,24,1610.3717,507.49188,1655.3767,610.53345,0.8984149098396301
98,154,853.3795,662.8565,885.7429,719.60077,0.8745183944702148
99,15,1542.929,709.1795,1600.2023,834.4897,0.9148325324058533
99,19,1607.3236,569.37415,1643.8826,672.67883,0.8971707820892334
99,22,1060.4056,615.14966,1104.8124,716.86365,0.8682623505592346
99,25,1671.4894,601.0543,1727.2373,707.7734,0.8882409334182739
99,18,1442.7648,556.5441,1487.8632,667.46387,0.9055177569389343
99,21,1826.6067,521.5127,1880.0988,627.84644,0.8958583474159241
99,20,1703.2357,531.71875,1747.9053,622.40894,0.8989139795303345
99,98,1585.9398,498.50165,1623.3107,573.3111,0.8883177042007446
99,24,1618.9703,511.08707,1662.4833,612.60596,0.8926860094070435
99,16,861.4246,671.5905,907.528,724.7898,0.7995581030845642
100,15,1549.8564,713.663,1606.2123,837.96515,0.9083255529403687
100,19,1618.3795,576.0609,1653.8496,676.2678,0.849070131778717
100,22,1063.0715,618.6252,1107.1654,720.3303,0.869133472442627
100,25,1675.2897,601.9669,1732.301,712.61755,0.8935239911079407
100,18,1446.9037,558.97864,1492.37,671.2866,0.9143761992454529
100,21,1832.3247,526.454,1884.3813,631.1984,0.9092298150062561
100,20,1709.551,535.8393,1753.349,627.19464,0.883294403553009
100,98,1586.8707,499.87354,1627.7494,581.0182,0.8928131461143494
100,24,1626.4702,516.2043,1668.341,614.4728,0.885351836681366
100,16,850.7079,678.4725,895.58813,725.8268,0.8254938125610352
101,15,1556.8218,717.64795,1611.8921,840.6908,0.9072834253311157
101,19,1630.0591,577.76556,1667.3229,679.5991,0.8730392456054688
101,22,1063.9856,621.337,1108.2582,722.40546,0.8878153562545776
101,25,1677.5176,602.60187,1735.8865,715.08307,0.9037443995475769
101,18,1452.8341,564.7543,1497.2172,673.8447,0.9155375361442566
101,21,1835.4104,531.85016,1887.0197,635.9131,0.898512601852417
101,20,1713.8065,537.83606,1757.0803,630.5605,0.8829466104507446
101,98,1585.1897,501.68323,1627.5487,586.5006,0.8910894393920898
101,24,1636.6038,521.8653,1673.3663,607.7599,0.8393787741661072
101,16,848.1111,686.4917,888.3843,726.188,0.6727752685546875
102,15,1561.0032,719.4787,1615.9292,843.48193,0.9046282768249512
102,19,1641.5186,580.7206,1679.9043,682.7941,0.8701981902122498
102,22,1066.8442,625.1881,1111.1141,725.48035,0.9160997271537781
102,25,1679.4484,604.41583,1738.8976,716.92084,0.9186197519302368
102,18,1459.7483,569.1797,1503.9325,677.2457,0.9147680997848511
102,21,1837.9081,537.5776,1888.8328,639.62726,0.9040976166725159
102,20,1718.554,540.07214,1762.2087,636.71454,0.8840593695640564
102,98,1586.9414,504.45688,1628.9359,590.5975,0.865248441696167
102,24,1645.19,526.03955,1679.3534,605.68396,0.859003484249115
102,16,846.3185,691.9384,885.7565,728.7464,0.4081341326236725
103,15,1565.7084,719.79376,1620.5969,845.50793,0.9026960134506226
103,19,1650.9661,584.3761,1689.4314,685.5182,0.7656461596488953
103,22,1071.3038,629.2279,1114.8607,727.6076,0.9111615419387817
103,25,1682.3873,610.46063,1741.2861,718.44965,0.8954516649246216
103,18,1466.6323,573.86566,1510.4022,680.44495,0.9075762033462524
103,21,1840.877,543.5585,1891.6763,643.11865,0.9194754362106323
103,20,1723.8042,540.3103,1767.3347,639.6884,0.8854268789291382
103,98,1589.2784,508.88516,1630.3691,595.9175,0.841596245765686
103,24,1649.1836,529.36554,1684.6221,611.9967,0.8923436999320984
103,16,846.2599,694.40356,886.6181,731.1179,0.5559509992599487
103,172,711.14166,653.36176,735.2152,701.01886,0.7479304671287537
104,15,1570.0238,719.4386,1624.7294,846.57513,0.8976338505744934
104,19,1656.3618,585.8333,1694.9092,686.7392,0.8027893900871277
104,22,1075.9857,630.3703,1119.8046,730.0418,0.9002403616905212
104,25,1684.3477,612.06146,1744.967,720.4694,0.9078084826469421
104,18,1473.6533,576.9862,1516.7467,682.43,0.9109315276145935
104,21,1844.4222,547.7747,1896.345,645.97345,0.929277241230011
104,20,1730.2329,540.34174,1773.4541,640.39154,0.897789716720581
104,98,1592.5778,511.9674,1632.767,599.0579,0.9261065125465393
104,24,1652.3214,530.71674,1688.2836,614.5607,0.8815060257911682
104,16,848.47095,695.5334,889.6646,732.6019,0.6837397217750549
105,15,1573.4692,719.3231,1627.9213,847.46454,0.9058054089546204
105,19,1665.5411,587.51404,1704.5021,688.1288,0.7518417239189148
105,22,1080.0458,631.52014,1123.2577,731.04407,0.8744389414787292
105,25,1687.8561,622.4164,1746.6875,725.4325,0.8983600735664368
105,18,1477.0708,578.5775,1519.877,684.57983,0.8984654545783997
105,21,1849.3455,550.4749,1903.0714,648.5283,0.9187538027763367
105,20,1734.7429,540.659,1779.3254,643.4681,0.9028403759002686
105,98,1593.4265,514.0214,1632.9579,600.9125,0.9185431599617004
105,24,1656.4642,532.1741,1694.2358,621.7533,0.8792561292648315
105,16,849.67365,695.2009,892.53613,733.80505,0.7728546857833862
106,15,1573.2783,719.4418,1628.6162,849.7502,0.9360029101371765
106,19,1681.1456,598.602,1716.686,689.89624,0.736943781375885
106,22,1084.2952,631.7738,1127.1458,732.7412,0.8827762603759766
106,25,1693.1493,638.81616,1745.4663,728.7508,0.8628180027008057
106,18,1480.0337,579.8219,1522.3799,686.37537,0.8958303928375244
106,21,1855.1259,552.3845,1909.8859,650.25165,0.9126960635185242
106,20,1738.7358,541.76904,1784.8167,646.38947,0.901416003704071
106,98,1593.396,517.03265,1633.125,603.35614,0.907396137714386
106,24,1660.472,531.7002,1701.57,631.6831,0.8755487203598022
106,16,851.0647,694.2882,895.50885,734.76215,0.865575909614563
106,178,897.3301,679.10345,919.01,731.8253,0.7704944014549255
107,15,1572.8871,721.0555,1628.7556,851.1541,0.9349918961524963
107,19,1691.3252,592.59235,1722.1079,670.9062,0.7976402044296265
107,22,1087.2104,631.77356,1129.54,734.1109,0.838343620300293
107,25,1695.27,642.3116,1746.4902,731.50995,0.8595427870750427
107,18,1482.8567,580.052,1524.989,687.7719,0.8919633030891418
107,21,1860.2177,552.8083,1915.4545,651.3475,0.8961144685745239
107,20,1742.7583,544.0567,1789.6497,648.0446,0.9151415228843689
107,98,1587.6072,519.6451,1629.3132,605.372,0.9154382348060608
107,24,1665.2163,531.2334,1706.7328,634.3533,0.8830558657646179
107,16,852.308,693.1382,898.49445,736.26794,0.6896244287490845
107,178,896.3838,683.6476,917.26965,734.24,0.47679808735847473
108,15,1571.6394,724.10535,1628.3252,853.8781,0.9352370500564575
108,19,1700.3962,591.35114,1728.5144,661.9725,0.8382171988487244
108,22,1090.1302,631.5549,1132.5054,735.9163,0.8700664043426514
108,25,1693.3293,639.88916,1744.9215,733.29425,0.8545277714729309
108,18,1487.0328,580.87,1529.0559,690.11786,0.8962870836257935
108,21,1865.9908,553.104,1920.0,653.0672,0.8908213376998901
108,20,1746.3507,545.71295,1794.6903,650.7047,0.920531153678894
108,98,1584.1035,523.12933,1627.6642,608.0914,0.9106388092041016
108,24,1668.1737,531.9106,1710.4128,637.81067,0.8891995549201965
108,16,855.4014,693.87524,901.54504,737.573,0.6454555988311768
109,15,1570.7856,727.77435,1628.7028,857.7241,0.9283635020256042
109,19,1711.989,590.8355,1734.328,646.692,0.6173382997512817
109,22,1092.4812,631.6908,1135.0337,738.38354,0.86415034532547
109,25,1693.4686,640.44324,1744.4396,735.7279,0.8559441566467285
109,18,1491.8931,581.164,1534.3551,692.56836,0.9041948318481445
109,21,1871.4705,552.14197,1920.0,653.95,0.8811719417572021
109,20,1752.7183,549.8487,1800.581,652.9791,0.9120425581932068
109,98,1580.2347,526.9607,1625.0509,612.6693,0.9022579789161682
109,24,1671.6923,532.7914,1714.0961,639.33325,0.8962568044662476
109,16,854.08466,693.8609,901.4664,740.06525,0.3760620951652527
110,15,1571.7725,732.0877,1631.1174,861.117,0.9314086437225342
110,22,1094.5236,630.9277,1137.3788,739.9659,0.90999835729599
110,25,1697.7988,658.2813,1741.4814,739.6275,0.8838724493980408
110,18,1496.0613,580.5824,1539.436,694.1767,0.9090683460235596
110,21,1875.1008,550.4196,1920.0,655.638,0.8801699876785278
110,20,1758.4929,558.5549,1803.2208,654.67554,0.8885053396224976
110,98,1577.5519,531.1661,1620.8198,614.9062,0.887621283531189
110,24,1674.6862,534.2571,1717.5376,641.29156,0.909900963306427
111,15,1574.2518,735.4698,1635.0602,863.355,0.9337570071220398
111,22,1095.9081,630.8669,1139.3027,742.18646,0.9179613590240479
111,25,1692.4225,643.47473,1745.0051,741.3288,0.9107238054275513
111,18,1497.6147,580.1075,1542.619,696.11896,0.9207566976547241
111,21,1877.9445,548.9625,1920.0,656.71826,0.8791995048522949
111,20,1761.2744,555.1146,1807.5212,656.86847,0.8737362623214722
111,98,1574.2717,534.09717,1616.9679,617.656,0.9151712656021118
111,24,1678.2095,536.13574,1721.3724,642.46533,0.8901813626289368
111,188,794.91064,530.43396,822.7964,568.5121,0.4717096984386444
111,19,1727.1659,597.6204,1748.9445,651.5663,0.8075981736183167
111,16,851.605,696.0264,898.3394,742.4802,0.3293977379798889
112,15,1579.3221,739.58875,1641.3766,865.39215,0.9300124645233154
112,22,1096.71,631.518,1140.4545,743.7534,0.9149172306060791
112,25,1691.1012,639.2843,1747.1011,741.8334,0.9025852084159851
112,18,1500.6012,582.6606,1546.5024,698.0703,0.9123964905738831
112,21,1879.5256,547.414,1920.0,657.2484,0.8762990832328796
112,20,1769.7148,554.46234,1807.7705,639.3724,0.8690026998519897
112,98,1572.9259,535.1343,1616.4354,619.0226,0.933444619178772
112,24,1682.2069,537.74445,1726.7413,645.8618,0.8979191780090332
112,189,334.61966,695.8228,362.22534,747.9013,0.6063987612724304
112,19,1731.6924,599.1213,1761.0015,673.6098,0.824595034122467
113,15,1583.9045,740.8172,1648.3641,868.0487,0.9241222739219666
113,22,1097.7814,632.0428,1142.1464,744.96405,0.9186312556266785
113,25,1691.0808,638.8815,1748.953,742.7109,0.8977386355400085
113,18,1503.3843,585.40735,1550.339,700.5498,0.9204047918319702
113,21,1879.9545,546.9257,1920.0,657.3211,0.870401918888092
113,20,1770.5098,551.4471,1813.6193,651.5291,0.8777517676353455
113,98,1566.8588,535.09534,1612.9342,620.14465,0.9302664399147034
113,24,1686.7102,539.19806,1732.0447,648.754,0.9019240736961365
113,189,335.5394,696.814,363.94284,750.4506,0.5848566889762878
113,19,1737.0331,599.0868,1771.1951,688.2747,0.7989170551300049
114,15,1587.7478,741.5025,1653.4802,869.7681,0.9333784580230713
114,22,1100.4565,632.9149,1145.6279,746.926,0.9112651944160461
114,25,1689.8049,637.9014,1751.0206,746.029,0.8963836431503296
114,18,1507.0117,589.84485,1554.0555,702.3815,0.9126490354537964
114,21,1880.5356,548.35095,1920.0,657.8986,0.8577162623405457
114,20,1774.1877,551.4806,1817.6248,656.0215,0.886139452457428
114,98,1561.2478,536.3169,1608.7177,619.2351,0.9166325926780701
114,24,1692.6774,540.3847,1737.4111,648.4725,0.8910451531410217
114,189,337.3207,697.31024,365.65753,750.84766,0.5123812556266785
114,19,1739.1448,596.74744,1779.4236,704.5894,0.7679879069328308
114,188,805.7206,533.91437,833.3186,571.7045,0.6543392539024353
115,15,1590.1206,741.6644,1655.9895,870.31683,0.9323195815086365
115,22,1104.0365,634.6062,1149.4409,748.4722,0.9048012495040894
115,25,1689.9534,638.37524,1752.2426,748.297,0.909261167049408
115,18,1509.322,591.22766,1557.1941,703.8312,0.9039180278778076
115,21,1881.8094,553.45264,1920.0,658.6058,0.8512104153633118
115,20,1777.3118,549.70166,1821.4512,659.366,0.8760647177696228
115,98,1556.6786,536.58453,1605.9401,619.78735,0.8763554096221924
115,24,1698.4646,541.03766,1743.0885,649.4489,0.8997545838356018
115,189,338.3216,698.26324,366.79825,752.1212,0.5756064057350159
115,19,1746.4756,599.85846,1787.3672,712.0459,0.8004685044288635
115,188,808.8518,534.7877,836.0765,572.03876,0.17181725800037384
116,15,1590.5565,742.2483,1655.9568,871.8382,0.9349237680435181
116,22,1106.3141,636.446,1152.0381,750.08997,0.896087646484375
116,25,1691.1036,642.27014,1751.6332,750.50446,0.8978482484817505
116,18,1510.1487,592.39417,1558.5536,704.83527,0.8993493318557739
116,21,1882.7314,557.285,1920.0,658.75757,0.849124014377594
116,20,1782.1888,550.9297,1825.6713,661.63806,0.8773623704910278
116,98,1553.532,538.3213,1600.6753,618.9162,0.8762640357017517
116,24,1703.8997,541.57776,1748.2471,650.81305,0.8855064511299133
116,189,338.74875,699.1968,367.6013,753.7621,0.6673593521118164
116,19,1753.9854,597.29193,1796.5713,716.0358,0.8292555212974548
116,188,811.7123,535.49457,838.35675,572.0518,0.43680256605148315
117,15,1590.292,742.2821,1655.1534,873.3325,0.9160079956054688
117,22,1108.2094,637.147,1154.6854,750.9916,0.8895480632781982
117,25,1692.1931,645.26404,1749.5836,751.37274,0.8948829770088196
117,18,1510.6415,593.2889,1559.0516,705.3321,0.8940298557281494
117,21,1881.3635,556.15607,1920.0,659.25806,0.865898847579956
117,20,1786.8826,553.63116,1829.6064,663.02155,0.8624674081802368
117,98,1545.2378,538.35376,1591.626,620.23517,0.8855810165405273
117,24,1707.811,541.73846,1751.5504,651.8311,0.8858245611190796
117,189,338.7443,700.46326,368.31924,756.5543,0.7450610399246216
117,19,1758.9716,598.95294,1801.2607,718.8164,0.8147909045219421
118,15,1589.7286,743.07446,1653.9117,874.87317,0.9166771769523621
118,22,1108.5656,638.2374,1155.4861,751.4225,0.8961623907089233
118,25,1692.2207,641.35236,1750.072,753.2723,0.842962920665741
118,18,1513.1312,593.493,1560.446,705.3946,0.8938166499137878
118,21,1881.3098,560.3738,1920.0,661.4262,0.8632020354270935
118,20,1792.0743,562.0452,1832.351,664.61865,0.7635685205459595
118,98,1535.4325,537.2155,1581.8542,621.5542,0.9178904294967651
118,24,1710.6117,542.24725,1751.7883,648.256,0.8712486028671265
118,189,338.80136,701.7619,367.87946,756.9849,0.6965476274490356
118,19,1766.3354,599.3236,1808.4109,720.7342,0.8013984560966492
118,16,859.43616,695.3532,909.08466,748.2853,0.5109592080116272
119,15,1589.2542,742.7563,1653.4457,875.7051,0.9156615734100342
119,22,1107.2872,638.7774,1154.7277,752.33795,0.8977293968200684
119,25,1694.8002,643.72833,1749.738,754.03894,0.8247048258781433
119,18,1513.5696,593.60284,1560.1636,706.1745,0.8874708414077759
119,21,1882.7776,565.22186,1920.0,662.6766,0.8613563179969788
119,20,1795.5846,557.52997,1836.6589,662.7239,0.8871768116950989
119,98,1527.9713,535.70856,1574.3531,621.6331,0.907364547252655
119,24,1714.5074,542.6753,1752.9888,644.35565,0.8756356835365295
119,189,337.56012,702.8402,367.06726,758.843,0.7236897945404053
119,19,1772.3555,601.6753,1813.288,721.95703,0.8661595582962036
119,199,892.38763,701.7152,954.8637,752.9044,0.6510471701622009
119,16,860.4687,693.31793,910.08685,749.96136,0.7005487680435181
120,15,1588.1438,743.98944,1652.9126,878.9411,0.9184582233428955
120,22,1105.5786,639.3936,1153.7124,753.9302,0.8981893658638
120,25,1693.8135,644.96,1746.7542,754.9557,0.8437281847000122
120,18,1512.5858,592.1129,1559.864,708.44836,0.8792784810066223
120,21,1884.3995,568.62573,1920.0,665.14746,0.8437588214874268
120,20,1799.8044,558.3038,1840.3036,662.7248,0.8539910316467285
120,98,1520.7211,534.63196,1567.7981,621.8046,0.8983714580535889
120,24,1716.0254,543.22986,1753.5701,644.6817,0.8869917988777161
120,189,336.06686,704.8886,365.07416,759.8191,0.5420243740081787
120,19,1776.1686,603.0042,1816.3579,723.0465,0.8621400594711304
121,15,1583.8431,745.1134,1649.679,881.6804,0.9216128587722778
121,22,1105.5469,639.5159,1154.0889,754.9128,0.8969898819923401
121,25,1690.5077,643.63934,1743.5967,756.6543,0.8716098666191101
121,18,1511.9976,591.8867,1559.3402,710.5446,0.8924292922019958
121,21,1886.3424,569.59314,1920.0,666.51843,0.8454043865203857
121,20,1804.8795,582.9377,1838.2048,665.64056,0.776823878288269
121,98,1510.074,537.1147,1556.746,620.1826,0.9056059718132019
121,24,1715.7383,543.5035,1752.8054,644.1309,0.8775303363800049
121,189,333.41324,705.71814,362.32336,760.51575,0.6923627257347107
121,19,1780.2557,602.69104,1820.3566,723.722,0.8817314505577087
122,15,1577.9478,746.3073,1644.8704,883.0597,0.9318352937698364
122,22,1104.6061,639.01056,1153.1847,754.851,0.8978983163833618
122,25,1687.5963,637.2387,1743.2343,757.2456,0.8920845985412598
122,18,1510.0043,592.16327,1557.1771,711.4565,0.9047444462776184
122,21,1888.6704,569.47705,1920.0,667.6507,0.8430304527282715
122,98,1497.423,537.87744,1543.4438,619.1902,0.8936724066734314
122,24,1713.9156,543.5666,1751.55,645.4334,0.8758935928344727
122,189,330.4531,707.514,359.26398,762.5224,0.5923689007759094
122,19,1785.265,603.887,1825.773,723.90814,0.8777803778648376
122,201,1797.8987,558.96857,1826.8956,628.69434,0.8433791995048523
123,15,1573.9492,748.6139,1641.455,884.32025,0.9387004375457764
123,22,1104.3966,639.6319,1153.5614,756.78345,0.9052937030792236
123,25,1683.6371,635.43854,1740.4692,758.51587,0.9100754857063293
123,18,1508.7692,593.60675,1555.5718,712.70154,0.9063452482223511
123,21,1890.8627,567.87714,1920.0,668.3293,0.8480473756790161
123,98,1491.7701,538.24445,1537.0743,619.0301,0.8753017783164978
123,24,1714.7356,544.2514,1753.6724,650.7869,0.8755829334259033
123,189,327.15704,708.22894,356.3542,764.32556,0.6887862086296082
123,19,1789.3519,605.8297,1831.0554,725.58954,0.8792417645454407
123,201,1796.2711,558.7272,1833.8973,649.37146,0.7914500832557678
123,203,1819.8003,406.4634,1841.7896,453.0581,0.8085412383079529
123,20,1801.6158,575.64923,1838.3057,665.3514,0.5785883069038391
124,15,1570.4585,751.7172,1638.2783,886.20636,0.93889981508255
124,22,1102.0782,640.1033,1151.2754,758.678,0.9054272770881653
124,25,1679.9893,636.4782,1737.1841,760.12604,0.9083375334739685
124,18,1508.1671,594.6137,1555.0228,713.9519,0.9117977619171143
124,21,1892.6735,566.6463,1920.0,668.73206,0.8578233122825623
124,98,1486.4948,536.92053,1532.4932,620.7253,0.8443014621734619
124,24,1713.1996,545.15155,1753.5211,655.4302,0.8781617879867554
124,189,324.54135,710.69086,352.99408,765.54614,0.4325099289417267
124,19,1788.9349,604.092,1832.6772,726.3922,0.8761997818946838
124,201,1796.9146,559.96484,1830.551,640.5874,0.7866795659065247
124,203,1822.4764,405.8947,1844.8534,453.25137,0.5853533744812012
125,15,1566.986,753.0788,1635.6559,888.0391,0.9261117577552795
125,22,1103.422,640.39545,1153.2365,760.3278,0.9041980504989624
125,25,1676.4995,639.55286,1734.058,762.6203,0.9151219129562378
125,18,1508.7897,596.54767,1555.5712,715.46545,0.9113131165504456
125,21,1895.3048,566.60925,1920.0,668.83704,0.8405522704124451
125,98,1479.7684,535.9601,1525.526,620.742,0.8874807357788086
125,24,1713.5006,545.5128,1754.641,658.17957,0.8860512971878052
125,189,321.87247,712.1893,350.16028,766.6479,0.25629016757011414
125,19,1789.4369,606.5601,1833.237,726.94556,0.8647176027297974
125,201,1801.4545,560.3318,1829.9446,627.3757,0.815837562084198
125,203,1825.776,406.37393,1848.0729,453.62198,0.22534242272377014
125,16,866.7986,698.79944,910.9685,752.11676,0.6787646412849426
127,-1,833.4797,573.507,872.9305,656.8101,0.3432861566543579
127,-1,572.5804,406.91235,603.7695,472.76413,0.3265904188156128
127,-1,573.50287,408.9766,603.85004,471.002,0.10119606554508209
128,-1,767.1066,220.98239,844.4932,369.13376,0.2675340473651886
128,-1,768.0623,220.88438,842.84076,373.01883,0.24954187870025635
128,-1,674.09436,410.47852,717.206,467.27783,0.11330678313970566
131,-1,1632.8958,564.72253,1646.9473,592.1693,0.21190932393074036
