frame,broadcast_id,tacticam_id,distance
0,1.0,215.0,0.052530254066285746
0,2.0,213.0,0.09293683458294368
0,3.0,213.0,0.12172694015347296
1,1.0,215.0,0.033427045632837826
2,-1.0,215.0,0.03964314036661004
2,-1.0,210.0,0.05758770500441334
2,-1.0,210.0,0.09843089828998722
2,-1.0,220.0,0.04701774090849736
2,-1.0,221.0,0.04593984624007957
3,-1.0,220.0,0.050524709366170026
3,-1.0,216.0,0.1524058736864078
3,-1.0,213.0,0.008853599554567588
3,-1.0,215.0,0.05596739419756458
4,-1.0,220.0,0.055757227491071766
4,-1.0,218.0,0.06947686425337335
4,-1.0,210.0,0.14268872080839845
4,-1.0,218.0,0.01964539361633096
5,-1.0,215.0,0.09999656239607901
5,-1.0,217.0,0.24397221842871428
5,-1.0,210.0,0.0766563130236048
5,-1.0,212.0,0.10027313957343312
5,-1.0,212.0,0.06378133660927161
5,-1.0,214.0,0.03537606136302417
5,-1.0,214.0,0.10874892058643168
5,-1.0,212.0,0.12295970047514726
5,-1.0,214.0,0.12012778598127397
5,-1.0,214.0,0.04992518808040745
5,-1.0,214.0,0.09181226542227722
5,-1.0,213.0,0.07262128047333126
5,-1.0,213.0,0.10721871607451922
6,15.0,215.0,0.10165596024845486
6,16.0,217.0,0.2444354936863809
6,17.0,210.0,0.08047298560599697
6,18.0,212.0,0.10505819388338634
6,19.0,212.0,0.07048714862775075
6,20.0,214.0,0.03559304014254919
6,21.0,214.0,0.10509682378645781
6,22.0,212.0,0.1281004818438753
6,23.0,214.0,0.12224396846267292
6,24.0,214.0,0.046692834816210886
6,25.0,214.0,0.08789015682355708
6,26.0,213.0,0.07304579686294092
7,15.0,215.0,0.10028562758317086
7,16.0,217.0,0.2458771896691997
7,17.0,213.0,0.08217534288242745
7,18.0,212.0,0.10874702792957537
7,19.0,212.0,0.0753222740726767
7,20.0,214.0,0.03301118667855248
7,21.0,214.0,0.10182607314101616
7,22.0,212.0,0.13146316948903194
7,23.0,214.0,0.12416122876710349
7,24.0,214.0,0.05201583615928814
7,25.0,214.0,0.08677096853753245
7,26.0,213.0,0.07570650087589424
8,15.0,215.0,0.09163121163680485
8,16.0,217.0,0.25063367730230285
8,17.0,213.0,0.08445575159377922
8,18.0,212.0,0.11113267616158576
8,19.0,212.0,0.08128359437688842
8,20.0,214.0,0.028690972271188966
8,21.0,214.0,0.09757452473090694
8,22.0,212.0,0.13395438710934524
8,23.0,214.0,0.12689080205617667
8,24.0,214.0,0.04941823598098818
8,25.0,214.0,0.0915531250138369
8,26.0,213.0,0.07951916467815505
8,30.0,262.0,0.17924978718238416
8,32.0,262.0,0.17941252851196252
9,15.0,215.0,0.09414597126822717
9,16.0,217.0,0.2553284854807531
9,17.0,213.0,0.0855303003586376
9,18.0,212.0,0.11231348091596774
9,19.0,212.0,0.08788304173979031
9,20.0,214.0,0.026229601640758
9,21.0,214.0,0.09289786362994737
9,22.0,212.0,0.1361780673520765
9,23.0,214.0,0.13156430934366853
9,24.0,214.0,0.05009128900386045
9,25.0,214.0,0.09307156977235372
9,26.0,213.0,0.08336793305029158
9,30.0,262.0,0.18061045822391178
9,32.0,262.0,0.18086934993546164
10,15.0,215.0,0.09362419407308692
10,16.0,217.0,0.25955823234384456
10,17.0,213.0,0.0862119669106439
10,18.0,212.0,0.1184861023831066
10,19.0,212.0,0.09074183240439916
10,20.0,214.0,0.024762899735555066
10,21.0,214.0,0.08962770802824746
10,22.0,212.0,0.13966012637538006
10,23.0,214.0,0.13569685561064856
10,24.0,214.0,0.051514727199892356
10,25.0,214.0,0.09589329395957123
10,26.0,213.0,0.08795700312799401
10,30.0,217.0,0.1748339936079852
11,15.0,215.0,0.0928766924597959
11,16.0,217.0,0.2615749362724164
11,17.0,213.0,0.0874845401807302
11,18.0,212.0,0.12435498920635656
11,19.0,212.0,0.09236955604059836
11,20.0,214.0,0.02485846211620488
11,21.0,214.0,0.0869329818644201
11,22.0,212.0,0.1400147297894068
11,23.0,214.0,0.14000670040549087
11,24.0,214.0,0.05137741245017375
11,25.0,214.0,0.09657474930487593
11,26.0,213.0,0.09194340413723875
11,30.0,217.0,0.16451895603511305
12,15.0,215.0,0.09403564394333089
12,16.0,217.0,0.2648760642559033
12,17.0,213.0,0.08996743165941168
12,18.0,212.0,0.12919363043445387
12,19.0,212.0,0.09255258244430489
12,20.0,214.0,0.02427380658544108
12,21.0,214.0,0.0848099313088993
12,22.0,212.0,0.13993663861929667
12,23.0,214.0,0.1433021514429749
12,24.0,214.0,0.05068180525678588
12,25.0,214.0,0.09775853438901375
12,26.0,213.0,0.09454027381527723
12,30.0,217.0,0.15487225347435501
13,15.0,215.0,0.09514711432622448
13,16.0,217.0,0.26399453134378087
13,17.0,213.0,0.09261311288276304
13,18.0,210.0,0.12867626047753902
13,19.0,212.0,0.09400602580686722
13,20.0,214.0,0.022835157477888782
13,21.0,214.0,0.0836496816688024
13,22.0,212.0,0.1401206551848092
13,23.0,214.0,0.14647647617278195
13,24.0,214.0,0.04945687924446816
13,25.0,214.0,0.09708674196994392
13,26.0,213.0,0.09663162865222577
13,30.0,217.0,0.14784390213135298
14,15.0,215.0,0.09496086250796898
14,16.0,212.0,0.2604764917144543
14,17.0,213.0,0.09440856543581648
14,18.0,210.0,0.12558039838716759
14,19.0,212.0,0.09661744551222115
14,20.0,214.0,0.021152019556273917
14,21.0,214.0,0.08289390700733903
14,22.0,212.0,0.14095423226726408
14,23.0,214.0,0.14846122962643438
14,24.0,214.0,0.04963287934614818
14,25.0,214.0,0.09404991884391253
14,26.0,213.0,0.09894257823749716
14,30.0,217.0,0.1410445935302268
14,43.0,214.0,0.14745471461084653
15,15.0,215.0,0.09380101440421633
15,16.0,212.0,0.2604419070170377
15,17.0,213.0,0.09500357364776732
15,18.0,210.0,0.12363569644961686
15,19.0,212.0,0.0996207781085473
15,20.0,214.0,0.02118594144999258
15,21.0,214.0,0.08138854405002256
15,22.0,212.0,0.1437398167532554
15,23.0,214.0,0.14930902549033068
15,24.0,214.0,0.04825631070409101
15,25.0,214.0,0.0913255069876919
15,26.0,213.0,0.10254181432030682
15,30.0,217.0,0.13324702280688372
15,43.0,214.0,0.14774052148881725
16,15.0,215.0,0.09106521540506633
16,16.0,212.0,0.25995422947406494
16,17.0,213.0,0.09517046008881516
16,18.0,210.0,0.12249094840459049
16,19.0,212.0,0.10139475588934589
16,20.0,214.0,0.02171462466653013
16,21.0,214.0,0.07871381956835179
16,22.0,212.0,0.14671405774572566
16,23.0,214.0,0.14896464448469612
16,24.0,214.0,0.049248208036561436
16,25.0,214.0,0.08952655876423114
16,26.0,213.0,0.10412894186714075
16,30.0,217.0,0.12473414164113589
16,43.0,214.0,0.1479620369296361
17,15.0,215.0,0.08812933986524345
17,16.0,212.0,0.25904288934846365
17,17.0,213.0,0.08868401905212306
17,18.0,210.0,0.11858428782172267
17,19.0,212.0,0.09671604491115847
17,20.0,214.0,0.02403442159513882
17,21.0,214.0,0.07761981660235232
17,22.0,212.0,0.15005894974078854
17,23.0,214.0,0.14987523278669357
17,24.0,214.0,0.05015890028485703
17,25.0,214.0,0.08897430639005886
17,26.0,225.0,0.1044434572007944
17,30.0,217.0,0.11573627267750045
17,43.0,214.0,0.14878855103699423
18,15.0,215.0,0.08566517011097195
18,16.0,212.0,0.25776071025673875
18,17.0,213.0,0.09264345846305473
18,18.0,210.0,0.11483330852766176
18,19.0,212.0,0.09728250886146153
18,20.0,214.0,0.02536432233219801
18,21.0,214.0,0.07720240137440462
18,22.0,212.0,0.15143787609397166
18,23.0,214.0,0.15220898257904222
18,24.0,214.0,0.049101963178805365
18,25.0,214.0,0.09004006191082406
18,26.0,225.0,0.10293116072430689
18,30.0,217.0,0.10678177539539013
18,43.0,214.0,0.15143594999110765
19,15.0,215.0,0.08734622374334002
19,16.0,212.0,0.25385419576350643
19,17.0,213.0,0.09425742177140169
19,18.0,210.0,0.11084120262164043
19,19.0,212.0,0.10037445250842938
19,20.0,214.0,0.024486053275814865
19,21.0,214.0,0.07612297770761733
19,22.0,212.0,0.1519396591722011
19,23.0,214.0,0.1552080493191774
19,24.0,214.0,0.047805657663806206
19,25.0,214.0,0.09196609352339537
19,26.0,225.0,0.10173229805842614
19,30.0,217.0,0.09868686006622795
19,43.0,214.0,0.15487356891130097
20,15.0,215.0,0.08972186313638755
20,16.0,212.0,0.24875752632094986
20,17.0,213.0,0.09582835459310368
20,18.0,210.0,0.11050855123623939
20,19.0,212.0,0.10350503488780145
20,20.0,214.0,0.022936204808459964
20,21.0,214.0,0.07566414555424997
20,22.0,212.0,0.1532564176385912
20,23.0,214.0,0.15767382267550575
20,24.0,214.0,0.04743195602514964
20,25.0,214.0,0.08977907019189423
20,26.0,225.0,0.10104872301081945
20,30.0,217.0,0.09157482980942444
20,43.0,214.0,0.15736661474832628
21,15.0,215.0,0.09112826599263732
21,16.0,212.0,0.2469578064537252
21,17.0,213.0,0.09903109670782889
21,18.0,210.0,0.11073391213651006
21,19.0,212.0,0.10646774083198102
21,20.0,214.0,0.02163805448279833
21,21.0,214.0,0.07214029087046957
21,22.0,212.0,0.1550997448930464
21,23.0,214.0,0.1595230018946389
21,24.0,214.0,0.05063058714918557
21,25.0,214.0,0.09135352647022815
21,26.0,225.0,0.1010758658865483
21,30.0,217.0,0.08491343604422408
21,43.0,214.0,0.15906668378809305
22,15.0,215.0,0.08316065671438462
22,16.0,212.0,0.24615068585052183
22,17.0,213.0,0.10010903679703345
22,18.0,210.0,0.1104515222963134
22,19.0,212.0,0.11039629106464627
22,20.0,214.0,0.02096092587124228
22,21.0,214.0,0.06782366576735811
22,22.0,212.0,0.15629808711946072
22,24.0,214.0,0.05302288341152717
22,25.0,214.0,0.09217650033797917
22,26.0,225.0,0.10023478370870896
22,30.0,217.0,0.07876092052295454
23,15.0,215.0,0.08335529737594718
23,16.0,212.0,0.24490635747534892
23,17.0,213.0,0.10011066259018726
23,18.0,210.0,0.10885652024780361
23,19.0,212.0,0.11150549975356372
23,20.0,214.0,0.022295600245458208
23,21.0,214.0,0.06673992070720049
23,22.0,212.0,0.1571937787194862
23,24.0,214.0,0.05356058477896856
23,25.0,214.0,0.09014695862965716
23,26.0,225.0,0.09865962545441907
23,30.0,217.0,0.0726251605986712
23,50.0,214.0,0.0798927772376549
23,23.0,214.0,0.16091983933474424
24,15.0,215.0,0.0827093088847397
24,16.0,212.0,0.24276028153424986
24,17.0,213.0,0.09887911638544798
24,18.0,210.0,0.1062461194192027
24,19.0,212.0,0.11331429504062508
24,20.0,214.0,0.02394857994881427
24,21.0,214.0,0.06585255735878684
24,22.0,212.0,0.15760986521591402
24,24.0,214.0,0.05431402099875121
24,25.0,214.0,0.08726602129094779
24,26.0,214.0,0.11515377973631002
24,30.0,217.0,0.06694274395875037
24,50.0,214.0,0.08032739446808981
24,51.0,217.0,0.06874486834639668
24,23.0,214.0,0.1599087732100791
25,15.0,215.0,0.0750717495069163
25,16.0,212.0,0.2411876110351784
25,17.0,213.0,0.1004183920306405
25,18.0,210.0,0.10276189495740305
25,19.0,212.0,0.11597917182422775
25,20.0,214.0,0.024245938462855086
25,21.0,214.0,0.06606924494974394
25,22.0,212.0,0.15655631184202512
25,24.0,214.0,0.05399850030600563
25,25.0,214.0,0.08681299939490211
25,26.0,214.0,0.11491768095319961
25,30.0,217.0,0.06169900673574568
25,50.0,214.0,0.08106591624204668
25,23.0,214.0,0.16051173488207876
26,15.0,215.0,0.07292125074293014
26,16.0,212.0,0.23760317219142044
26,17.0,213.0,0.09866945008972097
26,18.0,210.0,0.10160688588318888
26,19.0,210.0,0.11725334632704706
26,20.0,214.0,0.024052900687836776
26,21.0,214.0,0.06758552644232621
26,22.0,212.0,0.15517096822886234
26,24.0,214.0,0.057488261381448566
26,25.0,214.0,0.08788888002748659
26,26.0,214.0,0.1142867936974919
26,30.0,217.0,0.05770138722698572
26,50.0,214.0,0.08117760991518294
26,23.0,214.0,0.1614450957440635
26,53.0,214.0,0.16138514131381215
27,15.0,215.0,0.06956735217672327
27,16.0,212.0,0.23578843858479157
27,17.0,213.0,0.09768059683652926
27,18.0,210.0,0.1027002488449613
27,19.0,210.0,0.11512413414756952
27,20.0,214.0,0.025828494621042336
27,21.0,214.0,0.06890618236592982
27,22.0,212.0,0.1558607954321008
27,24.0,214.0,0.05789534001475922
27,25.0,214.0,0.0877098247608901
27,26.0,225.0,0.09922537842927545
27,30.0,217.0,0.05506697879946864
27,50.0,214.0,0.0803680484753363
27,23.0,214.0,0.1612470740894975
27,53.0,214.0,0.16115779613294667
28,15.0,215.0,0.06863780790100267
28,16.0,212.0,0.2355360189549806
28,17.0,213.0,0.09696606703300814
28,18.0,210.0,0.10263078287723482
28,19.0,210.0,0.11439058119152361
28,20.0,214.0,0.025291746254639817
28,21.0,214.0,0.0692859500675022
28,22.0,212.0,0.1542363501431288
28,24.0,214.0,0.05971051078477449
28,25.0,214.0,0.0905948632687634
28,26.0,225.0,0.09871626320280248
28,30.0,217.0,0.053234173971614424
28,50.0,214.0,0.08076955183583527
28,23.0,214.0,0.16235616787485482
28,53.0,214.0,0.16230703437065788
29,15.0,215.0,0.06907917749138871
29,16.0,212.0,0.23400659543104485
29,17.0,213.0,0.0977050273722143
29,18.0,210.0,0.10199286192885025
29,19.0,210.0,0.11268246409152187
29,20.0,214.0,0.028290915027594
29,21.0,214.0,0.07023034463399515
29,22.0,212.0,0.15372864086340812
29,24.0,214.0,0.06080438447723628
29,25.0,214.0,0.09144191853312011
29,26.0,225.0,0.09784844865061733
29,30.0,217.0,0.05102323274111807
29,50.0,214.0,0.08136918146520312
29,23.0,214.0,0.16113576802969332
29,53.0,214.0,0.160637013589155
29,55.0,217.0,0.05196930171036865
30,15.0,215.0,0.06654233921562024
30,16.0,212.0,0.2324224351596349
30,17.0,213.0,0.09964405879765308
30,18.0,210.0,0.09976177324513774
30,19.0,210.0,0.11078651432437647
30,20.0,214.0,0.03075705598312561
30,21.0,214.0,0.07085158035344312
30,22.0,212.0,0.15562819300368738
30,24.0,214.0,0.06303820218740161
30,25.0,214.0,0.09211077057141318
30,26.0,225.0,0.0983268161089258
30,30.0,217.0,0.04883779125216783
30,50.0,214.0,0.08188729060076697
30,23.0,214.0,0.16102136885123605
30,53.0,214.0,0.15994089548596185
31,15.0,215.0,0.062594512629777
31,16.0,212.0,0.2289973483985396
31,17.0,213.0,0.10120945349839801
31,18.0,210.0,0.09853384969959901
31,19.0,210.0,0.11073850558886819
31,20.0,214.0,0.031847558928033794
31,21.0,214.0,0.07080479746047573
31,22.0,212.0,0.15851214055100799
31,24.0,214.0,0.06539916485092381
31,25.0,214.0,0.09090608950324239
31,26.0,225.0,0.09701669336845804
31,30.0,217.0,0.0460628407772144
31,23.0,214.0,0.16135632550011422
32,15.0,215.0,0.059674827619481466
32,16.0,212.0,0.2255746361188765
32,17.0,213.0,0.10214589252064782
32,18.0,210.0,0.09827975806274585
32,19.0,210.0,0.10923895952068678
32,20.0,214.0,0.03324781789101272
32,21.0,214.0,0.06982745289161359
32,22.0,212.0,0.16038138760052884
32,24.0,214.0,0.06679418093294208
32,25.0,214.0,0.08912978467714257
32,26.0,225.0,0.09532354403336875
32,30.0,217.0,0.04471415549877172
32,23.0,214.0,0.1626959524886728
33,15.0,215.0,0.054705730386121
33,16.0,212.0,0.22216172954302796
33,17.0,213.0,0.10292455125036327
33,18.0,210.0,0.09879631603964716
33,19.0,210.0,0.10846921817412106
33,20.0,214.0,0.035335920002114905
33,21.0,214.0,0.07076125577488719
33,22.0,212.0,0.16059580657039207
33,24.0,214.0,0.06789120406790365
33,25.0,214.0,0.0883381993849264
33,26.0,225.0,0.09508454778272674
33,30.0,217.0,0.04413158032287148
33,23.0,214.0,0.16363390728348018
33,50.0,214.0,0.08385395071586547
34,15.0,215.0,0.05110202102609164
34,16.0,212.0,0.22171362710677855
34,17.0,213.0,0.10100616315277311
34,18.0,210.0,0.09852066295473857
34,19.0,210.0,0.1068829336921234
34,20.0,214.0,0.03698114892026556
34,21.0,214.0,0.06994419958019236
34,22.0,212.0,0.1607112112266616
34,24.0,214.0,0.07106318672085857
34,25.0,214.0,0.09051767480829245
34,26.0,225.0,0.09651085709450802
34,30.0,217.0,0.04510716717116433
35,15.0,215.0,0.0503440316170195
35,16.0,212.0,0.22373779587183862
35,17.0,213.0,0.10110183941593325
35,18.0,210.0,0.0976435518556723
35,19.0,210.0,0.10705753515003365
35,20.0,214.0,0.0394957450240202
35,21.0,214.0,0.07051854614438359
35,22.0,212.0,0.16250073593284778
35,24.0,214.0,0.07163040079969718
35,25.0,214.0,0.09211877144838204
35,26.0,225.0,0.09882692561728415
35,30.0,217.0,0.049738505935219904
35,60.0,225.0,0.10035365351786452
36,15.0,215.0,0.050936754598933265
36,16.0,212.0,0.22679654253342696
36,17.0,213.0,0.10435753819310324
36,18.0,210.0,0.09915500845132387
36,19.0,210.0,0.10913675539864165
36,20.0,214.0,0.03935335936885251
36,21.0,214.0,0.06776271522156962
36,22.0,212.0,0.16655076426862225
36,24.0,214.0,0.07236969405681996
36,25.0,214.0,0.08902710481643564
36,26.0,225.0,0.10093474683419482
36,30.0,217.0,0.057583970768219826
36,60.0,225.0,0.10128300694933053
37,15.0,215.0,0.04984862744266616
37,16.0,212.0,0.22340257350140377
37,17.0,213.0,0.10667583091664831
37,18.0,210.0,0.10077354108785071
37,19.0,210.0,0.11111615954522923
37,20.0,214.0,0.0391763966749338
37,21.0,214.0,0.06543765764139402
37,22.0,210.0,0.16815236232006534
37,24.0,214.0,0.07316208098741948
37,25.0,214.0,0.09645521365419488
37,26.0,214.0,0.10146962558681015
37,30.0,217.0,0.06302619834533539
38,15.0,215.0,0.04827391591561366
38,16.0,212.0,0.22404705255546867
38,17.0,213.0,0.10667012532034653
38,18.0,210.0,0.10199427427724722
38,19.0,210.0,0.11178471708668443
38,20.0,214.0,0.040275591803929846
38,21.0,214.0,0.06416122464061771
38,22.0,210.0,0.16663162482990787
38,24.0,214.0,0.0743815216149286
38,25.0,214.0,0.09861650582316005
38,26.0,214.0,0.09909314842726558
38,30.0,217.0,0.06722981971035658
39,15.0,215.0,0.044218941869461736
39,16.0,212.0,0.22207185844701288
39,17.0,213.0,0.10821623631739807
39,18.0,210.0,0.10384273279697011
39,19.0,210.0,0.11184185353847312
39,20.0,214.0,0.041404175302637805
39,21.0,214.0,0.06255942225592559
39,22.0,210.0,0.16652125380119218
39,24.0,214.0,0.07400080199076679
39,25.0,214.0,0.09967093071632029
39,26.0,214.0,0.09565148214289415
39,30.0,217.0,0.07268309031916959
40,15.0,215.0,0.04270029519151654
40,16.0,212.0,0.22008842238368528
40,17.0,213.0,0.11063047869992283
40,18.0,210.0,0.10654586522988907
40,19.0,210.0,0.11205169367514997
40,20.0,214.0,0.04161021352234331
40,21.0,214.0,0.06033144149542062
40,22.0,210.0,0.16736277879235303
40,24.0,214.0,0.07451403440688896
40,25.0,214.0,0.09889410768135619
40,26.0,214.0,0.09217284314667482
40,30.0,217.0,0.07772073453758267
41,15.0,215.0,0.04431656288046875
41,16.0,212.0,0.2195025873048139
41,17.0,213.0,0.11188413442258296
41,18.0,210.0,0.10834937258601156
41,19.0,210.0,0.1124366246174242
41,20.0,214.0,0.03979058265907706
41,21.0,214.0,0.05669476496105414
41,22.0,210.0,0.16698465339747073
41,24.0,214.0,0.07153951862836189
41,25.0,214.0,0.09697148339452406
41,26.0,214.0,0.08847792788978984
41,30.0,217.0,0.08308949373461841
41,60.0,214.0,0.08826686354449871
42,15.0,215.0,0.045070743299923395
42,16.0,212.0,0.22278112924299348
42,17.0,213.0,0.1155753392715048
42,18.0,210.0,0.1118991520883443
42,19.0,210.0,0.11636621360681715
42,20.0,214.0,0.038717264821149774
42,21.0,214.0,0.0527703092638406
42,22.0,210.0,0.16906784165882363
42,24.0,214.0,0.06968257501802737
42,25.0,214.0,0.09882923930786301
42,26.0,214.0,0.08381706467521423
42,30.0,217.0,0.09255735104664875
43,15.0,215.0,0.04469344445076127
43,16.0,212.0,0.22467420637360355
43,17.0,213.0,0.11847272195244184
43,18.0,210.0,0.11423452179709889
43,19.0,210.0,0.121113192964846
43,20.0,214.0,0.04254590403183232
43,21.0,214.0,0.05239771090468314
43,22.0,210.0,0.17169991453673528
43,24.0,214.0,0.06883828388084025
43,25.0,214.0,0.10218690562722157
43,26.0,214.0,0.08175023522938242
43,30.0,217.0,0.09940465339760376
44,15.0,215.0,0.04636147246722693
44,16.0,212.0,0.22443986054932932
44,17.0,213.0,0.11947656077864958
44,18.0,210.0,0.11248619524121196
44,19.0,210.0,0.12317106599605335
44,20.0,214.0,0.0442320500907504
44,21.0,214.0,0.051223676370672995
44,22.0,210.0,0.17170477246522606
44,24.0,214.0,0.06667159774351927
44,25.0,214.0,0.1034563517376027
44,26.0,214.0,0.0810912677165357
44,30.0,217.0,0.10512261917564489
44,76.0,214.0,0.042320065393413646
45,15.0,215.0,0.04682572913940686
45,16.0,212.0,0.22280743396724742
45,17.0,213.0,0.11924076051807102
45,18.0,210.0,0.11209829681177923
45,19.0,210.0,0.12546158836317717
45,20.0,214.0,0.03978935706998358
45,21.0,214.0,0.045916206063011424
45,22.0,210.0,0.17140731418570354
45,24.0,214.0,0.06471520407309367
45,25.0,214.0,0.10319738560645296
45,26.0,214.0,0.07789528668185439
45,30.0,217.0,0.1115181050344401
45,76.0,214.0,0.04053372826697303
46,15.0,215.0,0.046009522321076884
46,16.0,212.0,0.21937305561285972
46,17.0,213.0,0.12099765272994145
46,18.0,210.0,0.11638564465927849
46,19.0,210.0,0.12887386369849915
46,21.0,214.0,0.04484898756705185
46,22.0,210.0,0.17111887599786527
46,24.0,214.0,0.06601308565112161
46,25.0,214.0,0.10414415707071047
46,26.0,214.0,0.0755951213820044
46,30.0,217.0,0.11954324476763861
46,76.0,214.0,0.04104661526253433
47,15.0,215.0,0.04645913236859723
47,16.0,212.0,0.21872621759972766
47,17.0,213.0,0.12362592348493226
47,19.0,210.0,0.13236261303223246
47,22.0,210.0,0.17082554518037926
47,24.0,214.0,0.06608413052860787
47,25.0,214.0,0.10401579263887059
47,26.0,214.0,0.07466884447276233
47,30.0,212.0,0.11866816216495574
47,76.0,214.0,0.03985390084512287
48,15.0,215.0,0.046834235126637494
48,16.0,212.0,0.21839575132665986
48,17.0,213.0,0.12697651240267385
48,19.0,210.0,0.13692606542742836
48,22.0,210.0,0.17135791027189784
48,24.0,214.0,0.06447092489571221
48,25.0,214.0,0.10187357945823475
48,26.0,214.0,0.07313601087803848
48,30.0,212.0,0.11230064279159656
48,76.0,214.0,0.03887116322675801
48,18.0,210.0,0.1268645532269446
49,15.0,215.0,0.047782155230119076
49,16.0,212.0,0.22117378284911074
49,17.0,213.0,0.13006126492862774
49,19.0,210.0,0.14319060723711757
49,22.0,210.0,0.17389329919457666
49,24.0,214.0,0.062362691222664926
49,25.0,214.0,0.10194142134430385
49,26.0,214.0,0.06915425549802572
49,30.0,212.0,0.1083186138723656
49,76.0,214.0,0.04076034555560403
49,87.0,213.0,0.11497898741557505
49,18.0,210.0,0.1308310508650936
49,20.0,214.0,0.039495202245889656
50,15.0,215.0,0.04846750904554696
50,16.0,212.0,0.22257231321160595
50,17.0,213.0,0.13370856122411634
50,19.0,210.0,0.15085073075972805
50,22.0,210.0,0.17742041211066809
50,24.0,214.0,0.06044281324830427
50,25.0,214.0,0.10427179777284369
50,26.0,214.0,0.06395846904389436
50,30.0,212.0,0.10482056285205664
50,87.0,213.0,0.11437544871069558
50,18.0,210.0,0.1389332060189549
50,20.0,214.0,0.04011804248873638
51,15.0,215.0,0.048905367581164295
51,16.0,212.0,0.22434417757335084
51,17.0,214.0,0.13386081092822594
51,19.0,210.0,0.15784981111176016
51,22.0,210.0,0.17954635951515507
51,24.0,214.0,0.05908231068151767
51,25.0,214.0,0.10716268291901121
51,26.0,214.0,0.0619559004745459
51,30.0,212.0,0.10208501548786411
51,87.0,213.0,0.11484744372724723
51,18.0,210.0,0.14215378802597034
51,20.0,214.0,0.03940309398131637
52,15.0,215.0,0.050602983103461195
52,16.0,212.0,0.22416623685607195
52,17.0,214.0,0.13216100131215758
52,19.0,210.0,0.16418633978445737
52,22.0,210.0,0.18046535286575766
52,24.0,214.0,0.059545501348911754
52,25.0,214.0,0.10917112461470993
52,26.0,214.0,0.05961062357946595
52,30.0,212.0,0.09922533570123883
52,87.0,213.0,0.1158199424453945
52,18.0,210.0,0.14532988892831247
52,20.0,214.0,0.03919597981969389
53,15.0,215.0,0.05209560169189268
53,16.0,212.0,0.22390762783006088
53,17.0,214.0,0.129910938601866
53,19.0,210.0,0.17017819207948653
53,22.0,210.0,0.18145327077340653
53,24.0,214.0,0.060325636402820605
53,25.0,214.0,0.11117563584596506
53,26.0,214.0,0.05734441030347014
53,30.0,212.0,0.09674495372152095
53,87.0,213.0,0.11877299166365037
53,18.0,210.0,0.15050489185126958
53,20.0,214.0,0.03871480676693754
54,15.0,215.0,0.052406933936915645
54,16.0,212.0,0.22585492804816076
54,17.0,214.0,0.1272530986203005
54,19.0,210.0,0.17550765406324625
54,22.0,210.0,0.18246348723813047
54,24.0,214.0,0.060196578268825435
54,25.0,214.0,0.10986790829296757
54,26.0,214.0,0.05632964099607781
54,30.0,212.0,0.09342737878457592
54,18.0,210.0,0.15478775348272852
54,20.0,214.0,0.036739632696345746
55,15.0,215.0,0.051431108075614504
55,16.0,212.0,0.22744507560835747
55,17.0,214.0,0.12505151211590038
55,19.0,210.0,0.18034372274706667
55,22.0,210.0,0.18400966703947258
55,24.0,214.0,0.0597355314438533
55,25.0,214.0,0.10963035988239175
55,26.0,214.0,0.05505599814125377
55,30.0,212.0,0.09137630096437295
55,18.0,210.0,0.1592514331197023
55,20.0,214.0,0.03982583921448158
56,15.0,215.0,0.051562337442496546
56,16.0,212.0,0.22900964177488647
56,17.0,214.0,0.12520281610503914
56,19.0,215.0,0.17778052081985327
56,22.0,210.0,0.18681450037133876
56,24.0,214.0,0.060153468590335546
56,25.0,214.0,0.1092619483427928
56,26.0,214.0,0.05302500850678008
56,30.0,212.0,0.09175302694536998
56,18.0,210.0,0.16282376286942057
56,20.0,214.0,0.042903150494609854
56,98.0,214.0,0.043428857984886854
57,15.0,215.0,0.05191084705170477
57,16.0,212.0,0.2281853643951291
57,17.0,214.0,0.12591685832324473
57,19.0,215.0,0.17533751142231732
57,22.0,210.0,0.18862234036278136
57,24.0,214.0,0.06123189648116031
57,25.0,214.0,0.10946824257278322
57,26.0,214.0,0.051078046170484906
57,30.0,212.0,0.09175465661661496
57,18.0,210.0,0.16663845333696717
57,20.0,214.0,0.049560230683023225
57,98.0,214.0,0.04482134359018519
58,15.0,215.0,0.05165355742113673
58,16.0,212.0,0.2259302468788956
58,17.0,214.0,0.12463552380548615
58,19.0,215.0,0.17220552812131704
58,22.0,210.0,0.1890656026034983
58,24.0,214.0,0.06330983561503639
58,25.0,214.0,0.10959442362551007
58,26.0,214.0,0.050319871092260056
58,30.0,212.0,0.09240389977242769
58,18.0,210.0,0.1704000817744509
58,20.0,214.0,0.04915356615307108
58,98.0,214.0,0.04582888462101374
59,15.0,215.0,0.05092411167172907
59,16.0,212.0,0.2244606723131408
59,17.0,214.0,0.12294562472332117
59,19.0,215.0,0.16864039637700248
59,22.0,210.0,0.1889258791931157
59,24.0,214.0,0.06544371975554829
59,25.0,214.0,0.11119457695962151
59,26.0,214.0,0.05058997579597022
59,30.0,212.0,0.09441347544374001
59,18.0,210.0,0.17546122396721295
59,20.0,214.0,0.046941815477857196
59,98.0,214.0,0.04857491754647788
60,15.0,215.0,0.049461528137126454
60,16.0,212.0,0.22507268652503137
60,17.0,214.0,0.12180771441446478
60,19.0,215.0,0.16511091291473867
60,22.0,210.0,0.1892459970105073
60,24.0,214.0,0.06637709426076409
60,25.0,214.0,0.11338014088492232
60,26.0,214.0,0.05156913341055595
60,30.0,212.0,0.09768313104198714
60,18.0,213.0,0.1767905792345524
60,20.0,214.0,0.04540397587941173
60,98.0,214.0,0.05056402820180862
60,106.0,213.0,0.06620752949335254
61,15.0,215.0,0.048430821232333124
61,16.0,212.0,0.22613130046639984
61,17.0,214.0,0.1208566575778781
61,19.0,215.0,0.16259762449753318
61,22.0,210.0,0.18958993266613144
61,24.0,214.0,0.06803039614997008
61,25.0,214.0,0.11447043422336046
61,26.0,214.0,0.05378078338748209
61,30.0,212.0,0.10053974889560077
61,18.0,213.0,0.17400934112797778
61,20.0,214.0,0.0471154953423048
61,98.0,214.0,0.05327711616716809
62,15.0,215.0,0.047008555812083005
62,16.0,212.0,0.22421416502127015
62,17.0,214.0,0.12091791143816608
62,19.0,215.0,0.16056327745894888
62,22.0,210.0,0.19126548922193987
62,24.0,214.0,0.06892141717880043
62,25.0,214.0,0.11478631710419536
62,26.0,214.0,0.05413138105217265
62,30.0,212.0,0.10088351774136117
62,18.0,213.0,0.17160718471170197
62,20.0,214.0,0.046734869262635884
62,98.0,214.0,0.05585284497773734
63,15.0,215.0,0.0441384213365122
63,16.0,212.0,0.221991327958008
63,17.0,214.0,0.12244209671432012
63,19.0,215.0,0.15859415006500605
63,22.0,210.0,0.1933278885373469
63,24.0,214.0,0.07029440961659911
63,25.0,214.0,0.11604507579273816
63,26.0,214.0,0.053886420243544016
63,30.0,212.0,0.10052664215891592
63,18.0,213.0,0.17050606439989532
63,20.0,214.0,0.045010921726307176
63,98.0,214.0,0.058479913210115586
64,15.0,215.0,0.04239318479778204
64,16.0,212.0,0.22015480704136794
64,17.0,214.0,0.12215980077550055
64,19.0,215.0,0.15710655767468348
64,22.0,210.0,0.1952138200147383
64,24.0,214.0,0.07026802273340761
64,25.0,214.0,0.11538194526836541
64,26.0,214.0,0.05432063980337875
64,30.0,212.0,0.10273912760676107
64,18.0,213.0,0.16741066909250016
64,20.0,214.0,0.04579723443270366
64,98.0,214.0,0.059135034861741896
64,87.0,213.0,0.12140943487621289
65,15.0,215.0,0.04271801604038785
65,16.0,212.0,0.21949147278190959
65,17.0,214.0,0.12362465842485952
65,19.0,215.0,0.15583554244423642
65,22.0,210.0,0.19682066310489596
65,24.0,214.0,0.07315182002781866
65,25.0,214.0,0.1151902292788858
65,26.0,214.0,0.05423000991762391
65,30.0,212.0,0.10511854019672148
65,18.0,213.0,0.1686740637878385
65,20.0,214.0,0.051623827968377355
65,98.0,214.0,0.06066467890053857
66,15.0,215.0,0.04259420796439524
66,16.0,212.0,0.2187983947365957
66,17.0,214.0,0.11989932832683459
66,19.0,215.0,0.15532106163231754
66,22.0,210.0,0.19856449001974283
66,24.0,214.0,0.07537125029077346
66,25.0,214.0,0.11320439726176226
66,26.0,214.0,0.05509318513635776
66,30.0,212.0,0.10761913625526945
66,20.0,214.0,0.05481798343210468
66,98.0,214.0,0.0629733824355527
66,87.0,213.0,0.12196092799279591
67,15.0,215.0,0.04299934344614498
67,16.0,212.0,0.21783367133571432
67,17.0,214.0,0.11824188026563552
67,19.0,215.0,0.15496839780234495
67,22.0,210.0,0.19966044446811185
67,24.0,214.0,0.07736390009528263
67,25.0,214.0,0.11454863727480503
67,26.0,214.0,0.05608883708589598
67,30.0,212.0,0.10921097213277742
67,20.0,214.0,0.062070418921686056
67,98.0,214.0,0.0657812512961314
67,120.0,214.0,0.1227403559495047
67,87.0,213.0,0.1257126927991808
68,15.0,215.0,0.0428271280759464
68,16.0,212.0,0.2179750023720222
68,17.0,214.0,0.11771209456926544
68,19.0,215.0,0.15529171714750045
68,22.0,210.0,0.20051712857851517
68,24.0,214.0,0.07901382363334124
68,25.0,214.0,0.11593350447789125
68,26.0,214.0,0.05755086213578194
68,30.0,212.0,0.11132066415099647
68,20.0,214.0,0.05843966542658889
68,98.0,214.0,0.06718557345131211
68,120.0,214.0,0.12672139742962915
68,87.0,214.0,0.13157930260882375
69,15.0,215.0,0.04451034560851265
69,16.0,212.0,0.21836340759475703
69,17.0,214.0,0.11821265547401391
69,19.0,215.0,0.15262260946440662
69,22.0,210.0,0.20102741794546589
69,24.0,214.0,0.0800671272449052
69,25.0,215.0,0.11524128077941798
69,26.0,214.0,0.059062979086366776
69,30.0,212.0,0.11521313415273496
69,20.0,214.0,0.0527708377947419
69,98.0,214.0,0.06976862488091304
69,120.0,214.0,0.12870974988051195
69,87.0,214.0,0.13295942651973836
69,18.0,215.0,0.15598458909988247
70,15.0,215.0,0.04360996682294095
70,16.0,212.0,0.2182481970651182
70,19.0,215.0,0.15132356769792976
70,22.0,210.0,0.2008516088396213
70,24.0,214.0,0.08075533950945443
70,25.0,215.0,0.11227975185680306
70,26.0,214.0,0.061167784865063135
70,30.0,212.0,0.1181550996753586
70,20.0,214.0,0.04717158031018487
70,98.0,214.0,0.07253067830129767
70,120.0,214.0,0.1230784158403326
70,87.0,214.0,0.13305713738209093
70,18.0,215.0,0.15342424650633119
71,15.0,215.0,0.04205763283700924
71,16.0,212.0,0.21643883622405344
71,19.0,215.0,0.150207155595027
71,22.0,210.0,0.20123726748396173
71,24.0,214.0,0.08181372676878994
71,25.0,215.0,0.11019163595917184
71,26.0,214.0,0.06271627285610136
71,30.0,212.0,0.12253092355873152
71,20.0,214.0,0.042674195124195895
71,98.0,214.0,0.07465748125870504
71,120.0,214.0,0.12511493221702433
71,87.0,214.0,0.13171347560363397
71,18.0,215.0,0.15348697434029906
71,17.0,214.0,0.11713277098243026
72,15.0,215.0,0.040334036546022425
72,16.0,212.0,0.21472712309759537
72,19.0,215.0,0.14666587393809344
72,22.0,210.0,0.201767746945242
72,24.0,214.0,0.08524424945011426
72,25.0,215.0,0.10968458042333647
72,26.0,214.0,0.06541476732048432
72,30.0,212.0,0.1261836697603905
72,98.0,214.0,0.0750873173937762
72,87.0,214.0,0.12670943303047152
72,18.0,215.0,0.15233971329014645
72,17.0,214.0,0.11538123230672848
72,21.0,214.0,0.038523486128067976
73,15.0,215.0,0.03988536639136554
73,16.0,212.0,0.21389502430746524
73,19.0,215.0,0.14684849768660976
73,22.0,210.0,0.20300392085652855
73,24.0,214.0,0.08012647102037503
73,25.0,215.0,0.10955686605004356
73,26.0,214.0,0.06813779142989886
73,30.0,212.0,0.13027476298056148
73,98.0,214.0,0.07667690616030026
73,18.0,215.0,0.15163423560388947
73,21.0,214.0,0.03603866289712153
73,120.0,214.0,0.1206340914303637
74,15.0,215.0,0.04191885598170577
74,16.0,212.0,0.21331433620375442
74,19.0,215.0,0.14563489752205994
74,22.0,210.0,0.20471871532896543
74,24.0,214.0,0.07773804377671949
74,25.0,215.0,0.1099821026074086
74,26.0,214.0,0.07090671589436257
74,30.0,212.0,0.1329211606330134
74,98.0,214.0,0.07750086432487374
74,18.0,215.0,0.14996578090896065
74,21.0,214.0,0.031068736229529454
74,120.0,214.0,0.12001550288764024
75,15.0,215.0,0.043063685482752724
75,16.0,212.0,0.2122539467794701
75,19.0,215.0,0.14188700768143625
75,22.0,210.0,0.2059659557739432
75,24.0,214.0,0.0759625767458587
75,25.0,215.0,0.10890025317697144
75,26.0,209.0,0.07013169483428709
75,30.0,212.0,0.13674569602131859
75,98.0,214.0,0.07808430787962908
75,18.0,215.0,0.148070627704429
75,21.0,214.0,0.027155301573002538
75,120.0,214.0,0.11834413302114655
76,15.0,215.0,0.044235825505752654
76,16.0,212.0,0.21233258678796937
76,19.0,215.0,0.13903973883950616
76,22.0,210.0,0.20705027386084182
76,24.0,214.0,0.07495130474909704
76,25.0,215.0,0.10677024924374004
76,26.0,209.0,0.06714035082245637
76,30.0,212.0,0.1417336352710219
76,98.0,214.0,0.07852969858764881
76,18.0,215.0,0.14597227764276094
76,21.0,214.0,0.029879415345867136
76,120.0,214.0,0.11608519570853619
77,15.0,215.0,0.044805894644523836
77,16.0,212.0,0.21264395867461547
77,19.0,215.0,0.13498799469775186
77,22.0,210.0,0.20780165443731385
77,24.0,214.0,0.07330825026022485
77,25.0,215.0,0.10468343548803684
77,26.0,209.0,0.06543147105199523
77,30.0,212.0,0.1486171236225787
77,98.0,214.0,0.0787937030598567
77,18.0,215.0,0.14385357359148954
77,21.0,214.0,0.03593055101576771
77,120.0,214.0,0.11245843033056158
78,15.0,215.0,0.044490336128286456
78,16.0,212.0,0.2111902906161473
78,19.0,215.0,0.13082011886635103
78,22.0,210.0,0.20963766038764362
78,24.0,214.0,0.07125506722723642
78,25.0,215.0,0.10463913706213784
78,26.0,209.0,0.0615478662637175
78,30.0,212.0,0.15130102508551682
78,98.0,214.0,0.07782735870828161
78,18.0,215.0,0.1410222475373486
78,21.0,214.0,0.040501189092159384
78,120.0,214.0,0.10808935513657081
79,15.0,215.0,0.04355904702013625
79,16.0,212.0,0.20921873177158357
79,19.0,215.0,0.1271954105324368
79,22.0,210.0,0.21074565498923092
79,24.0,214.0,0.07024627155454588
79,25.0,215.0,0.10382184872466073
79,26.0,209.0,0.057620833615846745
79,30.0,212.0,0.15417600509393198
79,98.0,214.0,0.07581001486951294
79,18.0,215.0,0.13732836614676602
79,21.0,214.0,0.03826788372580124
79,120.0,214.0,0.10354504350858672
80,15.0,215.0,0.042373893611119456
80,16.0,212.0,0.2085325552126874
80,19.0,215.0,0.12275595714036705
80,22.0,210.0,0.212145868888906
80,24.0,214.0,0.06788225997972562
80,25.0,215.0,0.10420304924451759
80,26.0,209.0,0.053055080071559596
80,30.0,210.0,0.15517864598633502
80,98.0,214.0,0.07347874082376342
80,18.0,215.0,0.13268382765706938
80,21.0,214.0,0.04231368236274754
80,120.0,214.0,0.09972413400838558
81,15.0,215.0,0.04193839975865342
81,16.0,212.0,0.20835744776847884
81,19.0,215.0,0.11866859174342044
81,22.0,210.0,0.21392535353221934
81,24.0,214.0,0.06496015607621393
81,25.0,215.0,0.10786405728969557
81,26.0,209.0,0.048429685090988016
81,30.0,210.0,0.15536341350472785
81,98.0,214.0,0.07107513629479785
81,18.0,215.0,0.12977163721992058
81,21.0,214.0,0.045165326078790105
81,120.0,214.0,0.0963988034385588
82,15.0,215.0,0.042166591176782606
82,16.0,212.0,0.20896747141619032
82,19.0,215.0,0.11515118898097843
82,22.0,210.0,0.21471564734462356
82,24.0,214.0,0.061716031328624577
82,25.0,215.0,0.11086065731877513
82,26.0,209.0,0.04374204075104824
82,30.0,210.0,0.15632016741686958
82,98.0,214.0,0.06980991754145845
82,18.0,215.0,0.1268582858271934
82,21.0,214.0,0.04708519749344252
82,120.0,214.0,0.09260643713078359
83,15.0,215.0,0.04329845042636821
83,16.0,212.0,0.2103664502689882
83,19.0,215.0,0.1110233599653997
83,22.0,210.0,0.21577390235662672
83,24.0,214.0,0.057149717871823325
83,25.0,215.0,0.11294544717055889
83,26.0,209.0,0.03939707293669002
83,30.0,210.0,0.1569021394586963
83,98.0,214.0,0.06614637320339407
83,18.0,215.0,0.12443306820515825
83,21.0,214.0,0.04827657781606323
83,120.0,214.0,0.08870880764405191
84,15.0,215.0,0.04458297990541722
84,16.0,212.0,0.2114677385655617
84,19.0,215.0,0.10795485739679604
84,22.0,210.0,0.21742722489692398
84,25.0,214.0,0.11286393098106746
84,26.0,209.0,0.03525509226312125
84,30.0,210.0,0.15797920136109456
84,98.0,214.0,0.0618498447476627
84,18.0,215.0,0.12214837550969025
84,21.0,214.0,0.05260689142647938
84,120.0,214.0,0.08475254777112211
84,20.0,214.0,0.05336033421626877
85,15.0,215.0,0.04672677044072451
85,16.0,212.0,0.21093575935818437
85,19.0,215.0,0.10426603096502167
85,22.0,210.0,0.22099567425327685
85,25.0,214.0,0.11364249704681986
85,26.0,209.0,0.03220590600518812
85,30.0,210.0,0.1610050060793605
85,98.0,214.0,0.05947868397756943
85,18.0,215.0,0.11955741309690347
85,21.0,214.0,0.05791433691940392
85,120.0,214.0,0.08036576132490525
85,20.0,214.0,0.05404478923812012
86,15.0,215.0,0.04846794815229572
86,16.0,212.0,0.21131055002975774
86,19.0,215.0,0.10233817335852724
86,22.0,210.0,0.2244539436907771
86,25.0,214.0,0.11389090072174206
86,26.0,209.0,0.030309672482197573
86,30.0,210.0,0.16423322917358613
86,98.0,214.0,0.054866470429773766
86,18.0,215.0,0.11715788055759493
86,21.0,214.0,0.06404209125242727
86,120.0,214.0,0.07449349383000951
86,20.0,214.0,0.052874985309861205
87,15.0,215.0,0.05094168143787986
87,16.0,212.0,0.21353017953537648
87,19.0,215.0,0.09994587425749238
87,22.0,210.0,0.22719464079368407
87,25.0,214.0,0.11571631462679849
87,26.0,209.0,0.028713151431731466
87,30.0,210.0,0.16693681662501703
87,98.0,214.0,0.050309214023178624
87,18.0,215.0,0.11289305032199294
87,21.0,214.0,0.07095988565020404
87,120.0,214.0,0.07081439735485784
87,20.0,214.0,0.052242845785342315
87,151.0,210.0,0.16631305427343845
88,15.0,215.0,0.053798916042847596
88,16.0,212.0,0.21760998822678335
88,19.0,215.0,0.09876425414051816
88,22.0,215.0,0.22732501287985804
88,25.0,214.0,0.11850735194439317
88,26.0,209.0,0.02971924422548843
88,30.0,210.0,0.17051266187226402
88,98.0,214.0,0.0452458224483933
88,18.0,215.0,0.10736673057592269
88,21.0,214.0,0.07775441651992575
88,120.0,214.0,0.06937505583583078
88,20.0,214.0,0.052176578168100604
88,151.0,210.0,0.16975369064958767
89,15.0,215.0,0.05670847376078377
89,16.0,210.0,0.218850099570868
89,19.0,215.0,0.09933491000170055
89,22.0,215.0,0.22167482510798736
89,25.0,214.0,0.12102318700143327
89,26.0,209.0,0.0289063975675469
89,30.0,210.0,0.1745392891584787
89,18.0,215.0,0.10228547672674271
89,21.0,214.0,0.08414923693529244
89,120.0,214.0,0.0585666643692844
89,20.0,214.0,0.053580234254120174
89,151.0,210.0,0.17396882810606834
90,15.0,215.0,0.06109253597654329
90,16.0,210.0,0.21902750355749778
90,19.0,215.0,0.10115680453247154
90,22.0,215.0,0.21601880452383607
90,25.0,214.0,0.12173476733431367
90,30.0,210.0,0.17749151088637538
90,18.0,215.0,0.09827916392869157
90,21.0,214.0,0.08998372736512752
90,120.0,214.0,0.05553981499211994
90,20.0,214.0,0.053343091706749605
90,151.0,210.0,0.17715346555297623
90,98.0,214.0,0.03962236027454767
91,15.0,215.0,0.06566420887140742
91,16.0,210.0,0.2219599507711602
91,19.0,215.0,0.10299295420623944
91,22.0,215.0,0.21045537099042202
91,25.0,214.0,0.12122547206774337
91,30.0,210.0,0.18146468576072267
91,18.0,215.0,0.09524724211538761
91,21.0,214.0,0.09575123063832391
91,20.0,214.0,0.051859917992663075
91,151.0,210.0,0.18131060092579454
91,154.0,210.0,0.2245029166210099
91,98.0,214.0,0.03761251809975982
91,24.0,214.0,0.05530767675290511
92,15.0,215.0,0.07165296851332363
92,19.0,215.0,0.10507345579271134
92,22.0,215.0,0.20525324004693915
92,25.0,214.0,0.1211650553583365
92,30.0,210.0,0.18587874450556396
92,18.0,215.0,0.092298176483399
92,21.0,214.0,0.1007232333854907
92,20.0,214.0,0.049892741871670816
92,151.0,210.0,0.18580205474619085
92,154.0,210.0,0.22700519412922088
92,98.0,214.0,0.03598762295684339
92,24.0,214.0,0.051569059134588535
93,15.0,215.0,0.07596847955034909
93,19.0,214.0,0.10235720950727487
93,22.0,215.0,0.20109471192939818
93,25.0,214.0,0.12109549030911636
93,30.0,210.0,0.1904961736944129
93,18.0,215.0,0.09136498403024829
93,21.0,214.0,0.10495487504084565
93,20.0,214.0,0.05067614867898327
93,154.0,210.0,0.22769371356849938
93,98.0,214.0,0.03462005892855724
93,24.0,214.0,0.04973448018301788
93,16.0,210.0,0.22782223136516822
94,15.0,215.0,0.08085267809958209
94,19.0,214.0,0.10078789293620202
94,22.0,215.0,0.197860286805902
94,25.0,214.0,0.12622734859994972
94,30.0,210.0,0.1953935304613203
94,18.0,215.0,0.0904907373119125
94,21.0,214.0,0.10800435114396609
94,20.0,214.0,0.056650186912579746
94,98.0,214.0,0.03330117956251094
94,24.0,214.0,0.046677928062999606
94,16.0,210.0,0.23187916476154893
95,15.0,215.0,0.08564686351238864
95,19.0,214.0,0.10040442931156676
95,22.0,215.0,0.19486216323787828
95,25.0,214.0,0.13009164332242545
95,30.0,210.0,0.20040091297086488
95,18.0,215.0,0.08916313482388465
95,21.0,214.0,0.11102260560185118
95,20.0,214.0,0.06198692472507429
95,98.0,214.0,0.03276261138725777
95,24.0,214.0,0.045408943243539716
95,16.0,210.0,0.23620241036516634
96,15.0,215.0,0.0900188592324188
96,19.0,214.0,0.10019946102307013
96,22.0,215.0,0.19285636026138384
96,25.0,214.0,0.133174578753315
96,30.0,210.0,0.20810946419145898
96,18.0,215.0,0.0875202155389908
96,21.0,214.0,0.11464861179885019
96,20.0,214.0,0.065709836208183
96,98.0,214.0,0.029882596319779752
96,24.0,214.0,0.04532770451515857
96,16.0,210.0,0.24035028304693315
97,15.0,215.0,0.09379618560067866
97,19.0,214.0,0.10017104645425781
97,22.0,215.0,0.19010101270062743
97,25.0,214.0,0.1340635690122821
97,30.0,210.0,0.2115385813616211
97,18.0,215.0,0.08419185689040098
97,21.0,214.0,0.11865631514293071
97,20.0,214.0,0.06937497755856216
97,98.0,214.0,0.0289206738131968
97,24.0,214.0,0.0462186735680293
97,154.0,210.0,0.24122494316354506
98,15.0,215.0,0.09821702335336949
98,19.0,214.0,0.10150603829769368
98,22.0,215.0,0.1871746364538775
98,25.0,214.0,0.1361715557506964
98,30.0,210.0,0.21463389371328717
98,18.0,215.0,0.08055070641146199
98,21.0,214.0,0.1231333098364814
98,20.0,214.0,0.07418308538419026
98,98.0,214.0,0.028183586454054745
98,24.0,214.0,0.047535649759608625
98,154.0,210.0,0.24512399264511958
99,15.0,215.0,0.1017487367456139
99,19.0,214.0,0.10466164174322239
99,22.0,215.0,0.18527524098484882
99,25.0,214.0,0.13939853945437475
99,18.0,215.0,0.07685655974220787
99,21.0,214.0,0.12888293377821317
99,20.0,214.0,0.07904905793507733
99,98.0,214.0,0.03046063764304267
99,24.0,214.0,0.04978611273068297
99,16.0,210.0,0.25204764618089215
100,15.0,215.0,0.10687911811206403
100,19.0,214.0,0.10901757227298883
100,22.0,215.0,0.1843535544501162
100,25.0,215.0,0.1427470024940438
100,18.0,215.0,0.07327163979046715
100,21.0,214.0,0.13453194841738844
100,20.0,214.0,0.08509005116215952
100,98.0,214.0,0.03238068052691134
100,24.0,214.0,0.05325811784554096
100,16.0,210.0,0.2549227013380091
101,15.0,215.0,0.1118125383587448
101,19.0,214.0,0.11146004445012556
101,22.0,215.0,0.18401027905806225
101,25.0,215.0,0.1431742120566783
101,18.0,215.0,0.06910418258580399
101,21.0,214.0,0.13842340351310645
101,20.0,214.0,0.08842131425582876
101,98.0,214.0,0.03529248322360121
101,24.0,214.0,0.053381422226022615
101,16.0,210.0,0.25802459743569395
102,15.0,215.0,0.11505317782162026
102,19.0,214.0,0.11554945781944491
102,22.0,215.0,0.18243768025197418
102,25.0,215.0,0.14376976204333253
102,18.0,215.0,0.06621027234411955
102,21.0,214.0,0.14200771934543843
102,20.0,214.0,0.09358411682608024
102,98.0,214.0,0.03851978641845078
102,24.0,214.0,0.05589040452039487
102,16.0,212.0,0.2599429540454034
103,15.0,215.0,0.1176244200752389
103,19.0,214.0,0.12003513920553631
103,22.0,215.0,0.1798879381120113
103,25.0,215.0,0.14473961149524575
103,18.0,215.0,0.06427904437973313
103,21.0,214.0,0.1472692454777315
103,20.0,214.0,0.09783507308661511
103,98.0,214.0,0.042694536693498854
103,24.0,214.0,0.06188901918268873
103,16.0,212.0,0.26145492875505366
103,172.0,212.0,0.20056392605591172
104,15.0,215.0,0.1199304110693877
104,19.0,214.0,0.12359763393909658
104,22.0,215.0,0.1767110446144525
104,25.0,215.0,0.14645208227312598
104,18.0,215.0,0.0637751622147885
104,21.0,209.0,0.15149550647454535
104,20.0,214.0,0.10235638060699967
104,98.0,214.0,0.046436457669809764
104,24.0,214.0,0.06615564930788853
104,16.0,212.0,0.26367676101427495
105,15.0,215.0,0.12236503481903392
105,19.0,214.0,0.12816370129721774
105,22.0,215.0,0.17344860259661757
105,25.0,215.0,0.14813745806930811
105,18.0,215.0,0.06366030539098157
105,21.0,209.0,0.15311105020283403
105,20.0,214.0,0.10754399406992776
105,98.0,214.0,0.04979559046706655
105,24.0,214.0,0.07299563018273018
105,16.0,212.0,0.26551298865708195
106,15.0,215.0,0.12394044665604781
106,19.0,214.0,0.13740442947037804
106,22.0,215.0,0.17058492144194168
106,25.0,215.0,0.14923758703406717
106,18.0,215.0,0.06338611643480198
106,21.0,209.0,0.15438114306069053
106,20.0,214.0,0.11247993602228858
106,98.0,214.0,0.05327300031916186
106,24.0,214.0,0.0798296554988229
106,16.0,212.0,0.26671441612878954
106,178.0,210.0,0.26633630622352683
107,15.0,215.0,0.1251128801216773
107,19.0,214.0,0.12882041441579992
107,22.0,215.0,0.1689446864946592
107,25.0,215.0,0.15020574768940895
107,18.0,215.0,0.06363800412368736
107,21.0,209.0,0.15467166492241308
107,20.0,214.0,0.11677484398519117
107,98.0,214.0,0.05595376724140914
107,24.0,214.0,0.08293318518079455
107,16.0,212.0,0.26759441521013094
107,178.0,210.0,0.2700959363168602
108,15.0,215.0,0.12792285011715854
108,19.0,214.0,0.12798028080266216
108,22.0,215.0,0.16726292580030658
108,25.0,215.0,0.14935595996971274
108,18.0,215.0,0.0625881477991226
108,21.0,209.0,0.15577178195802485
108,20.0,214.0,0.12243339706820197
108,98.0,214.0,0.05940715772632331
108,24.0,214.0,0.0874898097553443
108,16.0,212.0,0.2694989443015222
109,15.0,215.0,0.13113274038569994
109,19.0,214.0,0.1245517809102665
109,22.0,215.0,0.16625713159869357
109,25.0,215.0,0.1489620952914349
109,18.0,215.0,0.06219959082632434
109,21.0,209.0,0.15607092447594248
109,20.0,214.0,0.12810273473215483
109,98.0,214.0,0.06367048148830488
109,24.0,214.0,0.0904313577954702
109,16.0,212.0,0.27088940436136305
110,15.0,215.0,0.13510350201596352
110,22.0,215.0,0.16476222614113428
110,25.0,215.0,0.15014114868871367
110,18.0,215.0,0.06329347454307593
110,21.0,209.0,0.15636790371969564
110,20.0,214.0,0.1348032345055717
110,98.0,214.0,0.06761674534229817
110,24.0,214.0,0.09419497543036938
111,15.0,215.0,0.1391943502978871
111,22.0,215.0,0.1634813176356595
111,25.0,215.0,0.14976331626053788
111,18.0,215.0,0.06331893972022436
111,21.0,209.0,0.15628520149460723
111,20.0,214.0,0.13779279973532085
111,98.0,214.0,0.07220659502227154
111,24.0,214.0,0.0986003921762692
111,188.0,210.0,0.11629791400959127
111,19.0,214.0,0.13687581678998187
111,16.0,212.0,0.27245154832848467
112,15.0,215.0,0.14485787508228695
112,22.0,215.0,0.162064078451078
112,25.0,215.0,0.15088958535357955
112,18.0,215.0,0.06317181942057255
112,21.0,209.0,0.1560597745909622
112,20.0,214.0,0.13553540251694374
112,98.0,214.0,0.07474896069517889
112,24.0,214.0,0.10386870608724773
112,189.0,212.0,0.2680470194299871
112,19.0,214.0,0.15046551403558017
113,15.0,215.0,0.14873793430239265
113,22.0,215.0,0.1607188395524555
113,25.0,215.0,0.15203397195188306
113,18.0,215.0,0.06347228170028359
113,21.0,209.0,0.15569866003614638
113,20.0,214.0,0.1415929921085089
113,98.0,214.0,0.07604225510735062
113,24.0,214.0,0.10858624826539467
113,189.0,212.0,0.2693847984538204
113,19.0,214.0,0.1599733071083889
114,15.0,215.0,0.1511643778624499
114,22.0,215.0,0.1590440992897749
114,25.0,215.0,0.15240606014760316
114,18.0,215.0,0.06351777264494703
114,21.0,209.0,0.15592853300539564
114,20.0,214.0,0.145738719048479
114,98.0,214.0,0.076195347244718
114,24.0,214.0,0.11153701490875595
114,189.0,212.0,0.26922578087603943
114,19.0,214.0,0.1677866914340044
114,188.0,210.0,0.11880944251932202
115,15.0,215.0,0.15246299561301258
115,22.0,215.0,0.15702524275397797
115,25.0,215.0,0.15300710742414542
115,18.0,215.0,0.0640975980315786
115,21.0,209.0,0.1584587144371247
115,20.0,214.0,0.14981163537066036
115,98.0,214.0,0.07684166775884838
115,24.0,214.0,0.11578581115437966
115,189.0,212.0,0.27003160999655007
115,19.0,214.0,0.17576709906663274
115,188.0,210.0,0.1188722766244543
116,15.0,215.0,0.15360525279041284
116,22.0,215.0,0.15539545948073083
116,25.0,215.0,0.15380158496013427
116,18.0,215.0,0.06443992886973951
116,21.0,209.0,0.15923898415396784
116,20.0,214.0,0.15477873949092918
116,98.0,214.0,0.07710100693996971
116,24.0,214.0,0.11990457067177762
116,189.0,212.0,0.2712434338648845
116,19.0,214.0,0.18021790638361102
116,188.0,210.0,0.11908305060021547
117,15.0,215.0,0.15411462106106424
117,22.0,215.0,0.15433825477136126
117,25.0,215.0,0.15367075454010182
117,18.0,215.0,0.06416308520343014
117,21.0,209.0,0.15844797327356208
117,20.0,214.0,0.1596956810686029
117,98.0,214.0,0.0787012843785716
117,24.0,214.0,0.12337576103211075
117,189.0,338.0,0.17342469074702718
117,19.0,214.0,0.18510802479377073
118,15.0,215.0,0.15465609688016413
118,22.0,215.0,0.15433550008608438
118,25.0,215.0,0.15351238962602745
118,18.0,215.0,0.06466739222191102
118,21.0,209.0,0.16117373220239894
118,20.0,214.0,0.1663148091569046
118,98.0,214.0,0.08023096624796647
118,24.0,214.0,0.12474902090378873
118,189.0,338.0,0.1719550452478685
118,19.0,215.0,0.18857063947942126
118,16.0,212.0,0.27734437795832545
119,15.0,215.0,0.15534405655607994
119,22.0,215.0,0.15509330699673715
119,25.0,215.0,0.1542265361821357
119,18.0,215.0,0.06396989418859703
119,21.0,209.0,0.16381772713697068
119,20.0,209.0,0.16420657757947496
119,98.0,214.0,0.08150754205197533
119,24.0,214.0,0.12651728962656583
119,189.0,338.0,0.1693399564282003
119,19.0,215.0,0.1910214670261159
119,199.0,215.0,0.26595419376651164
119,16.0,212.0,0.27778811058800257
120,15.0,215.0,0.15688643701157273
120,22.0,215.0,0.15622919431398483
120,25.0,215.0,0.15307741782118606
120,18.0,215.0,0.06299607532012787
120,21.0,209.0,0.166795604801479
120,20.0,209.0,0.16405653044982382
120,98.0,214.0,0.0833520812076663
120,24.0,214.0,0.12922624972188052
120,189.0,338.0,0.16680637909830073
120,19.0,215.0,0.1923633379746831
121,15.0,215.0,0.15762712667018938
121,22.0,215.0,0.15617099185809638
121,25.0,215.0,0.15159308758235124
121,18.0,215.0,0.06212433798611361
121,21.0,209.0,0.16792815890933285
121,20.0,209.0,0.1761297746376415
121,98.0,214.0,0.08521337263991009
121,24.0,214.0,0.130773504600228
121,189.0,338.0,0.16447034601265217
121,19.0,215.0,0.19447470030887568
122,15.0,215.0,0.15740405690429923
122,22.0,215.0,0.15637739575891732
122,25.0,215.0,0.1507851252275245
122,18.0,215.0,0.06097349724921218
122,21.0,209.0,0.1685793718084657
122,98.0,214.0,0.08613100754057496
122,24.0,214.0,0.13276176235759696
122,189.0,338.0,0.16164445055508178
122,19.0,215.0,0.1973884661793256
122,201.0,209.0,0.14900053333598265
123,15.0,215.0,0.15886975256671054
123,22.0,215.0,0.1559615710287594
123,25.0,215.0,0.14977480443668645
123,18.0,215.0,0.05989401542183249
123,21.0,209.0,0.16825719156723326
123,98.0,214.0,0.08633051740861002
123,24.0,214.0,0.13728932944014047
123,189.0,338.0,0.15983300511019086
123,19.0,215.0,0.20026470848119127
123,201.0,209.0,0.15727085724667417
123,203.0,209.0,0.02292974877479053
123,20.0,209.0,0.17182331979598994
124,15.0,215.0,0.16094876014365306
124,22.0,215.0,0.15653328942311504
124,25.0,215.0,0.1491031079426528
124,18.0,215.0,0.05969341956061485
124,21.0,209.0,0.1684256693614088
124,98.0,214.0,0.08692702984752493
124,24.0,214.0,0.14047932176612715
124,189.0,212.0,0.28361551511153377
124,19.0,215.0,0.20141940182308507
124,201.0,209.0,0.1538198222858066
124,203.0,209.0,0.01943382588578589
125,15.0,215.0,0.1622319090031115
125,22.0,215.0,0.1553742812689743
125,25.0,215.0,0.14841540601528388
125,18.0,215.0,0.059667529606380484
125,21.0,209.0,0.16915104961467473
125,98.0,214.0,0.08778233552889507
125,24.0,214.0,0.14375048442926752
125,189.0,212.0,0.2851784790343189
125,19.0,215.0,0.2021261711773909
125,201.0,209.0,0.14795976052333773
125,203.0,209.0,0.016225154321020722
125,16.0,212.0,0.2817927508503732
127,-1.0,210.0,0.17969343297137816
127,-1.0,212.0,0.027496036263726573
127,-1.0,212.0,0.027315206784408207
128,-1.0,279.0,0.07161394460696985
128,-1.0,218.0,0.07105646089028088
128,-1.0,212.0,0.05769626683843049
131,-1.0,214.0,0.11629327455907032
